
ass">ass
Alaskan+Firedragon">Alaskan Firedragon
anal">anal
andrew">andrew
asshole">asshole
alyssa">alyssa
ashley">ashley
abc+sex">abc sex
attention+whore">attention whore
Alex">Alex
Andre">Andre
adam">adam
Amanda">Amanda
Auto+Incorrect">Auto Incorrect
anal+sex">anal sex
asshat">asshat
and+then+I+found+five+dollars">and then I found five dollars
Anna">Anna
Alexis">Alexis
awesome">awesome
angry+dragon">angry dragon
alexandra">alexandra
Angela">Angela
Atheism+Plus">Atheism Plus
a+crapella">a crapella
asl">asl
asian">asian
air+guitar">air guitar
angry+pirate">angry pirate
Anthony+">Anthony 
Adverblasting">Adverblasting
Amber">Amber
apple">apple
Aaron">Aaron
andrea">andrea
academic+bulemia">academic bulemia
Al+Gore">Al Gore
Allison">Allison
agnostic">agnostic
alone">alone
amy">amy
Alt-tabbin%27">Alt-tabbin'
Amazonukkah">Amazonukkah
airplane+mode">airplane mode
avril+lavigne">avril lavigne
Alexander">Alexander
Ambitchous">Ambitchous
Australia">Australia
asdf">asdf
Abigail">Abigail
Alex+from+Target">Alex from Target
Alexa">Alexa
America">America
anime">anime
Abby+">Abby 
Ann+Coulter">Ann Coulter
alabama+hot+pocket">alabama hot pocket
Aisle+Salmon">Aisle Salmon
alicia">alicia
afterclap">afterclap
Angelina+Jolie">Angelina Jolie
Austin">Austin
ariana">ariana
Adrienne">Adrienne
arch+douche">arch douche
alcohol">alcohol
apocalypse+sex">apocalypse sex
Audrey">Audrey
AIDS">AIDS
Atheist">Atheist
autotune">autotune
air+quote">air quote
Audience+typing">Audience typing
Ana">Ana
air+jerk">air jerk
Anonymous">Anonymous
AWOL">AWOL
Alltheist">Alltheist
askhole">askhole
Abe+Lincoln">Abe Lincoln
automagically">automagically
Alison">Alison
Amelia">Amelia
aight">aight
airport+vultures">airport vultures
Al+Sharpton">Al Sharpton
Alligator+Fuckhouse">Alligator Fuckhouse
acid">acid
a">a
Andy">Andy
Adrian">Adrian
As+You+Know">As You Know
annie">annie
asian+girls">asian girls
angelica">angelica
Ava">Ava
angel">angel
Angie">Angie
albatraoz">albatraoz
aibohphobia">aibohphobia
Assclown">Assclown
awkward+arm">awkward arm
American">American
approval+from+corporate">approval from corporate
an+hero">an hero
Arianna">Arianna
ABERCROMBIE+AND+FITCH">ABERCROMBIE AND FITCH
analrapist">analrapist
afk">afk
AIDAN">AIDAN
Ashton+Irwin">Ashton Irwin
Adderall">Adderall
alaskan+pipeline">alaskan pipeline
adhd">adhd
Antisocial+Networking">Antisocial Networking
affirmative+action">affirmative action
awkward+turtle">awkward turtle
arctic+fever">arctic fever
Anne">Anne
all+your+base+are+belong+to+us">all your base are belong to us
Autumn">Autumn
Armenian+Noodle+Dip">Armenian Noodle Dip
abercrombie">abercrombie
antistalking">antistalking
AOL">AOL
Ape+Wellington">Ape Wellington
alexandria">alexandria
aaliyah">aaliyah
Ali">Ali
asdfghjkl">asdfghjkl
anus">anus
abortion">abortion
avery">avery
ATM">ATM
armpit+dingleberries">armpit dingleberries
April">April
awkward">awkward
aarping">aarping
AC%2FDC">AC/DC
APUSH">APUSH

Bae">Bae
Blowjob">Blowjob
boobs">boobs
buttsex">buttsex
bisexual">bisexual
Bootylicious">Bootylicious
bye+felicia">bye felicia
birthday">birthday
bush">bush
Bitch">Bitch
blumpkin">blumpkin
beautiful">beautiful
bored">bored
boo">boo
bible">bible
Bromance">Bromance
butter+face">butter face
Barack+Obama">Barack Obama
Brandon">Brandon
bed+gravity">bed gravity
boredom">boredom
boner">boner
basic+bitch">basic bitch
bedgasm">bedgasm
bong">bong
Balls+out">Balls out
Blue+Balls">Blue Balls
BBW">BBW
bbc">bbc
Brian">Brian
BDSM">BDSM
black+people">black people
Baby+Goggles">Baby Goggles
bad+economy">bad economy
Blue+waffle">Blue waffle
boregasm">boregasm
bukkake">bukkake
booty+call">booty call
Beer">Beer
ben">ben
Buffer+Guest">Buffer Guest
Brianna">Brianna
BMS">BMS
BFD">BFD
barry">barry
Brosama+Bin+Laden">Brosama Bin Laden
business+shower">business shower
boyfriend">boyfriend
boobies">boobies
buffer+race">buffer race
Bazinga">Bazinga
Backseat+Browser">Backseat Browser
BMW">BMW
Brittany">Brittany
booty">booty
beardo">beardo
blunt">blunt
bogan">bogan
brainspin">brainspin
blinker+beat">blinker beat
Boner+Shock">Boner Shock
Bukakke">Bukakke
big+in+japan">big in japan
Brooke">Brooke
Best-Behavior+Friend">Best-Behavior Friend
britney+spears">britney spears
Balls">Balls
Bachelor+Wash">Bachelor Wash
black+friday">black friday
buy-curious">buy-curious
batman">batman
badonkadonk">badonkadonk
bullshit+bingo">bullshit bingo
Blind+transfer">Blind transfer
Brand+Dropping">Brand Dropping
bro">bro
Black">Black
booty+text">booty text
breasts">breasts
bimbo">bimbo
Banana">Banana
beer+thirty">beer thirty
Bragplaining">Bragplaining
Bailey">Bailey
Business+Buzzed">Business Buzzed
boom+shakalaka">boom shakalaka
baseball+cards">baseball cards
booty+grazing">booty grazing
BAMF">BAMF
boyfriend+drop">boyfriend drop
Bud">Bud
beaver">beaver
bogart">bogart
Brenda">Brenda
badass">badass
Bill+O%27Reilly">Bill O'Reilly
Brofessional">Brofessional
Bus+Surfing">Bus Surfing
biological+footprint">biological footprint
beyonce">beyonce
broner">broner
BJ">BJ
Book+hangover">Book hangover
brown+out">brown out
bra">bra
brickberry">brickberry
Beard">Beard
brad+pitt">brad pitt
Bluetool">Bluetool
break+your+crayons">break your crayons
bloods">bloods
baller">baller
beer+me">beer me
Benjamin">Benjamin
B.O.B.">B.O.B.
Brony">Brony
brodak+moment">brodak moment
b">b
bathroom+stalking">bathroom stalking
buffet+momentum">buffet momentum
Barsexual">Barsexual
beer+tears">beer tears
Best+Friend">Best Friend
brain+bleach">brain bleach
bang">bang
Broscience">Broscience
Bill+Clinton">Bill Clinton
Blow">Blow
butt+buddies">butt buddies
bored+to+debt">bored to debt
bruh">bruh
Back+Door+Braggart">Back Door Braggart
Bella">Bella
Bellagio">Bellagio
beerboarding">beerboarding
Blackberry+Jam">Blackberry Jam
banter">banter
Birmingham+booty+call">Birmingham booty call
brain+boner">brain boner
Blake">Blake

cartossin">cartossin
cunt">cunt
chav">chav
cock+block">cock block
Check+your+Totem">Check your Totem
Canada">Canada
cum">cum
cock">cock
Chode">Chode
camel+toe">camel toe
Cockblocked+by+Steve+Jobs">Cockblocked by Steve Jobs
Cracker">Cracker
Chloe">Chloe
cool+story+bro">cool story bro
cute">cute
Crush">Crush
college">college
courtesy+fart">courtesy fart
crop+dusting">crop dusting
Cat">Cat
Chris">Chris
cool">cool
condom">condom
Cameron">Cameron
cocaine">cocaine
Cannabis">Cannabis
Clit">Clit
cockbib">cockbib
chronic">chronic
Computer">Computer
Christian">Christian
clitoris">clitoris
cum+dumpster">cum dumpster
california">california
Christopher">Christopher
Cleveland+Steamer">Cleveland Steamer
cunnilingus">cunnilingus
chick+flick">chick flick
Cankles">Cankles
Cubicle+Coma">Cubicle Coma
cold+jerky">cold jerky
chiptease">chiptease
cobra+yawn">cobra yawn
creampie">creampie
Chicago">Chicago
crunk">crunk
Cougar">Cougar
ctfd">ctfd
chuck+norris">chuck norris
Cellfish">Cellfish
connor">connor
coon">coon
Caitlin">Caitlin
cyberchondriac">cyberchondriac
carcolepsy">carcolepsy
Cheeky+Nandos">Cheeky Nandos
Caps+Lock+Voice">Caps Lock Voice
Conversational+Blue+Balls">Conversational Blue Balls
chink">chink
Chase">Chase
chairdrobe">chairdrobe
Child+Supervision">Child Supervision
coming+out+of+the+cupboard">coming out of the cupboard
cockblocalypse">cockblocalypse
cyber+hoarding">cyber hoarding
Courtney">Courtney
Call+of+Duty">Call of Duty
Chris+Brown">Chris Brown
COD+diet">COD diet
casey">casey
Canadian+Refrigerator">Canadian Refrigerator
curb+shame">curb shame
Catherine">Catherine
chicks+before+dicks">chicks before dicks
Caraoke">Caraoke
condomplate">condomplate
Coke">Coke
crack">crack
Claire">Claire
cincinnati+bowtie">cincinnati bowtie
cross+country">cross country
cholo">cholo
cumshot">cumshot
Crowny">Crowny
critical+ass">critical ass
cactus+legs">cactus legs
caleb">caleb
chronoptimist">chronoptimist
Columbusing">Columbusing
Cosby+Sweater">Cosby Sweater
Cheat+Chain">Cheat Chain
Costcop">Costcop
cole">cole
Creeper">Creeper
Chinnifer+Maniston">Chinnifer Maniston
ConfabLab">ConfabLab
clusterfuck">clusterfuck
Christmas+Eve+Eve">Christmas Eve Eve
computer-face">computer-face
chalga">chalga
cleavage">cleavage
Clapstain">Clapstain
Crips">Crips
courier+newed">courier newed
Chinese">Chinese
Charlotte">Charlotte
cuckold">cuckold
Cake">Cake
coin+wanking">coin wanking
crap">crap
Closet+psycho">Closet psycho
Cherry">Cherry
cheappuccino">cheappuccino
coochie">coochie
Cynthia">Cynthia
Caroline">Caroline
Christianity">Christianity
Claudia">Claudia
Canada%27s+History">Canada's History
Crystal+Meth">Crystal Meth
crump">crump
Carla">Carla
cheese">cheese
Chelsea">Chelsea
cop">cop
carbon+cockprint">carbon cockprint
come+meet+my+cat">come meet my cat
cooter">cooter
Cashmas">Cashmas
Christmas+Syndrome">Christmas Syndrome
cowra">cowra
California+roll">California roll
Christmahannukwanzadan">Christmahannukwanzadan
conversation+walling">conversation walling
cigarette">cigarette
chinnifer">chinnifer
CUDDLE">CUDDLE
Chonga">Chonga
chestesticles">chestesticles
Circlism">Circlism

double+rainbow">double rainbow
Dirty+Sanchez">Dirty Sanchez
Dork">Dork
douchebag">douchebag
dick">dick
dumbass">dumbass
Democrat">Democrat
Daniel">Daniel
David">David
dutch+oven">dutch oven
dick+inches">dick inches
douche">douche
dildo">dildo
don%27t+take+this+the+wrong+way%2C+but">don't take this the wrong way, but
Donkey+Punch">Donkey Punch
death">death
dylan">dylan
Dope">Dope
Dank">Dank
Dracula+sneeze">Dracula sneeze
Donald+Trump">Donald Trump
depression">depression
dead+text">dead text
dog">dog
Drunk">Drunk
Deja+boo">Deja boo
Defensive+Eating">Defensive Eating
Dungeon+Tan">Dungeon Tan
Drum+Driving">Drum Driving
dick+magnet">dick magnet
dude">dude
Destiny">Destiny
dab">dab
darth+breather">darth breather
dubstep">dubstep
double+freeture">double freeture
dafuq">dafuq
diana">diana
dish+envy">dish envy
douchebaggery">douchebaggery
dejabrew">dejabrew
debt+ceiling+chicken">debt ceiling chicken
DSL">DSL
DTF">DTF
Directioner">Directioner
Douchebaguette">Douchebaguette
designated+texter">designated texter
dingleberry">dingleberry
Do+I+smell+popcorn%3F">Do I smell popcorn?
directionally+challenged">directionally challenged
dudevorce">dudevorce
danny">danny
Danielle">Danielle
ding+dong+ditch">ding dong ditch
Darude+-+Sandstorm">Darude - Sandstorm
derp">derp
dyke">dyke
dc">dc
dick+flick">dick flick
doggy+style">doggy style
Drunken+Immunity">Drunken Immunity
doppelbangers">doppelbangers
diarrhea">diarrhea
Destinesia">Destinesia
Dickhead">Dickhead
Deez+Nuts">Deez Nuts
docking">docking
drop+a+dime">drop a dime
dan">dan
Denise">Denise
deez+nutz">deez nutz
Dick+Offset">Dick Offset
drew">drew
Dave">Dave
duff">duff
devin">devin
dome">dome
Dr+Google">Dr Google
DWT">DWT
Does+the+Pope+shit+in+the+woods%3F">Does the Pope shit in the woods?
Daisy">Daisy
Drugs">Drugs
daddy">daddy
dat+ass">dat ass
Damn">Damn
Duckface">Duckface
Daniela">Daniela
dp">dp
Dine+on+the+vine">Dine on the vine
Degifting">Degifting
DILLIGAF">DILLIGAF
dime">dime
derek">derek
Dana">Dana
Do+you+like+hobbies%3F">Do you like hobbies?
doe">doe
Draco+Malfoy">Draco Malfoy
desiree">desiree
Dominic">Dominic
Demi+Lovato">Demi Lovato
Designated+Drunk">Designated Drunk
Dick+Cheney">Dick Cheney
disbunk">disbunk
Desk+Rage">Desk Rage
deepthroat">deepthroat
dipshit">dipshit
dustin">dustin
disney+Channel">disney Channel
Dohment">Dohment
Doctor+Who">Doctor Who
dad">dad
dildocio">dildocio
deface">deface
dankrupt">dankrupt
dry+humping">dry humping
dawg">dawg
diva">diva
dro">dro
dope+freshness">dope freshness
Do+a+barrel+roll">Do a barrel roll
Dub">Dub
duck+butter">duck butter
doobie">doobie
dragging+balls">dragging balls
dave+chappelle">dave chappelle
daft+punk">daft punk
durfy">durfy
Dictionary">Dictionary
Dawn">Dawn
Denisa+Raducu">Denisa Raducu
deloitte">deloitte
dong">dong
Dora+the+explorer">Dora the explorer
detroit">detroit
deuces">deuces
Dr.+Dre">Dr. Dre
dip">dip
driving+finger">driving finger
Dissociative+Facebook+Identity+Disorder">Dissociative Facebook Identity Disorder
dmv">dmv

Emo">Emo
Eminem">Eminem
Emily">Emily
ebonlore">ebonlore
esrun">esrun
eat+out">eat out
Emma">Emma
Elizabeth">Elizabeth
Erin">Erin
eric">eric
Ethan">Ethan
Encyclopedia+Dramatica">Encyclopedia Dramatica
Edward+Cullen">Edward Cullen
Emotional+dump">Emotional dump
Ezekiel+25%3A17">Ezekiel 25:17
epic+fail">epic fail
Eau+d%27ouche">Eau d'ouche
email+courier">email courier
Ellie">Ellie
Erika">Erika
evasive+mumbling">evasive mumbling
eiffel+tower">eiffel tower
ebola">ebola
ebonics">ebonics
erica">erica
English">English
echo+chamber">echo chamber
Ella">Ella
expiration+chug">expiration chug
Evelyn">Evelyn
ex+with+benefits">ex with benefits
etm.">etm.
eating+out">eating out
evan">evan
erection">erection
Eater%27s+Remorse">Eater's Remorse
epic">epic
elaine">elaine
ex-hole">ex-hole
elevator+circles">elevator circles
Economic+Vegetarian">Economic Vegetarian
Execubabble">Execubabble
everclear">everclear
elena">elena
Electile+Dysfunction">Electile Dysfunction
Elf-Esteem">Elf-Esteem
earth">earth
edgehog">edgehog
erik">erik
Eli">Eli
Empty+a+Leg">Empty a Leg
Ebony">Ebony
Elisa">Elisa
eglaf">eglaf
Emergency+walk">Emergency walk
eCock-block">eCock-block
Ecstasy">Ecstasy
Evil">Evil
email+bail">email bail
Ent">Ent
Eric+Holder+-+Attorney+General">Eric Holder - Attorney General
erotica">erotica
extheist">extheist
Eddie">Eddie
edward">edward
Eyeolating">Eyeolating
Early+Nerd+Special">Early Nerd Special
Elijah">Elijah
es%C3%A9">esé
Eskimo+Brother">Eskimo Brother
explosive+diarrhea">explosive diarrhea
errorist">errorist
engayed">engayed
Edith">Edith
English+Breakfast">English Breakfast
Ellen">Ellen
EA">EA
econnoisseur">econnoisseur
Emergenturd">Emergenturd
EP">EP
eargasm">eargasm
Emo+kid">Emo kid
Elias">Elias
Engrish">Engrish
end+of+an+error">end of an error
Elise">Elise
Eazy+E">Eazy E
engineer">engineer
establish+a+beachhead">establish a beachhead
ermahgerd">ermahgerd
EXO">EXO
Eli+Porter">Eli Porter
eBay">eBay
ebaumsworld">ebaumsworld
Eva">Eva
Elviscerate">Elviscerate
Edwin">Edwin
Eric+Cartman">Eric Cartman
emo+boy">emo boy
echo+effect">echo effect
eh">eh
Earworm">Earworm
essay">essay
Ex-door+Neighbor">Ex-door Neighbor
elbow+tag">elbow tag
expiration+dating">expiration dating
edging">edging
education">education
email+tennis">email tennis
Eye">Eye
ENVY">ENVY
elefucker">elefucker
Edgar">Edgar
endo">endo
ego">ego
Erick">Erick
emoji+tennis">emoji tennis
Eliza">Eliza
esmeralda">esmeralda
Esther">Esther
Emo+Girl">Emo Girl
Eden">Eden
ETA">ETA
E">E
easy">easy
enema">enema
ebaum">ebaum
Eh+hole">Eh hole
Euphoric">Euphoric
epiphanot">epiphanot
Embiggen">Embiggen
Emperor+Harperius+Mandatorius+Minimus">Emperor Harperius Mandatorius Minimus
emo+boys+kissing">emo boys kissing
Enragement+ring">Enragement ring
eat+pussy">eat pussy
Eduardo+">Eduardo 
EFG">EFG
EDM">EDM
eye+candy">eye candy
ear+boner">ear boner

fuck">fuck
fuck+boy">fuck boy
Fanks">Fanks
filipino">filipino
fo%27+shizzle+my+nizzle">fo' shizzle my nizzle
feminist">feminist
facebook">facebook
Friday">Friday
fleek">fleek
Feminism">Feminism
faggot">faggot
Fag">Fag
fap">fap
fat">fat
Fame+Whore">Fame Whore
fucktard">fucktard
FTW">FTW
FML">FML
food+baby">food baby
Fugly">Fugly
friends+with+benefits">friends with benefits
fart">fart
Fuckit+List">Fuckit List
File+That+Under+Who+Gives+a+Shit">File That Under Who Gives a Shit
fuck+boi">fuck boi
Fox+News">Fox News
Famine+Underwear">Famine Underwear
front-seat+back-seat+dilemma">front-seat back-seat dilemma
Facebrag">Facebrag
Febreze+shower">Febreze shower
fap+on+it">fap on it
fam">fam
fingering">fingering
farting+gift">farting gift
finger+guns">finger guns
facebook+fever">facebook fever
Friend+Zone">Friend Zone
Fart+and+Dart">Fart and Dart
Fuck+You+Tax">Fuck You Tax
flavorgasm">flavorgasm
FFS">FFS
Fall+Back+Program">Fall Back Program
Fob">Fob
friend+high">friend high
flash+mob">flash mob
facebook+wit">facebook wit
Facebook+necrologist">Facebook necrologist
Facebook+Minute">Facebook Minute
fuck+you">fuck you
Facebook+crush">Facebook crush
Fucking">Fucking
furry">furry
flirtationship">flirtationship
fauxhawk">fauxhawk
fubar">fubar
fomo">fomo
fellatio">fellatio
fucked">fucked
Fuck+Maine">Fuck Maine
facepalm">facepalm
feminazi">feminazi
Feku">Feku
fauxpology">fauxpology
Food+Douche">Food Douche
facial">facial
fangirl">fangirl
fuck+you+mean">fuck you mean
Find+your+silence">Find your silence
fourth+of+july">fourth of july
friends">friends
fun">fun
fappable">fappable
Fraternity+Girl">Fraternity Girl
floordrobe">floordrobe
finna">finna
FUPA">FUPA
fight+club">fight club
Facebook+Foreplay">Facebook Foreplay
fax+potato">fax potato
feed+the+beast">feed the beast
family+guy">family guy
fuck+a+duck">fuck a duck
fireworks">fireworks
Festivus">Festivus
fap+fap+fap">fap fap fap
Football+Minute">Football Minute
fat+hangover">fat hangover
friends+with+penalties">friends with penalties
feeling+drake">feeling drake
faded">faded
fat+finger">fat finger
fling+cleaning">fling cleaning
freddie+mercury">freddie mercury
futurama">futurama
fluffer">fluffer
foreplay">foreplay
fake">fake
freshman">freshman
fuck+me">fuck me
Fred">Fred
firefox">firefox
fetch">fetch
Fail">Fail
fakebook">fakebook
finger">finger
fucker">fucker
Fart+Proposal">Fart Proposal
Freestyle">Freestyle
fuck+the+world">fuck the world
fuckoff+o%27clock">fuckoff o'clock
fandom">fandom
FNG">FNG
fuck+buddy">fuck buddy
France">France
FreeBSD">FreeBSD
facebook+mommy">facebook mommy
Female">Female
fly">fly
Faith">Faith
flake">flake
Freedom+From+Religion+Foundation">Freedom From Religion Foundation
Fashionably+Late">Fashionably Late
fgsfds">fgsfds
fit">fit
fucked+up">fucked up
fanfiction">fanfiction
farticles">farticles
Frisbeetarianism">Frisbeetarianism
forhetz">forhetz
frat+boy">frat boy
Fatima">Fatima
frontin">frontin
fauxgiene">fauxgiene
french">french
FTFY">FTFY
fudge+packer">fudge packer
friend+at+first+sight">friend at first sight
Fanny">Fanny
foot+fetish">foot fetish
frenemy">frenemy

Gate+Rape">Gate Rape
gay">gay
geek">geek
God">God
guido">guido
Goth">Goth
girlfriend">girlfriend
Googleheimer%27s">Googleheimer's
George+W.+Bush">George W. Bush
ghetto+upgrade">ghetto upgrade
girl">girl
gay+buffer">gay buffer
Grace">Grace
g+spot">g spot
get+an+inbox">get an inbox
Google">Google
good+talk">good talk
ghetto">ghetto
glifnard">glifnard
G6">G6
Girlfriend-proof">Girlfriend-proof
grundle">grundle
Gift+Parasite">Gift Parasite
gangsta">gangsta
George+Bush">George Bush
Godsome">Godsome
G">G
Good+lenses%2C+bad+frames">Good lenses, bad frames
GTL">GTL
gotcha+journalism">gotcha journalism
girlfriend+voice">girlfriend voice
Google+harder">Google harder
grenade">grenade
gaybie">gaybie
ganja">ganja
Germany">Germany
Gaming+sense">Gaming sense
Glomp">Glomp
gullible">gullible
GTFO">GTFO
goatse">goatse
gangbang">gangbang
gerard+way">gerard way
good+looking">good looking
george">george
German">German
gooch">gooch
grammer">grammer
Global+Warming">Global Warming
go+down+on">go down on
Gangster">Gangster
Grinding">Grinding
Gleeks">Gleeks
gift+card+laundering">gift card laundering
Gabby">Gabby
green+eyes">green eyes
gay+sex">gay sex
goat">goat
Garrett">Garrett
GG">GG
Gabriel">Gabriel
Guilt+Wave">Guilt Wave
ginger">ginger
gift+crack">gift crack
Gabrielle">Gabrielle
Gunt">Gunt
googly+eyes">googly eyes
goddammit">goddammit
gravediggin">gravediggin
gaydar">gaydar
gold+digger">gold digger
gat">gat
gnarly">gnarly
glory+hole">glory hole
government">government
gar">gar
g+string">g string
Glasshole">Glasshole
girlfriend+zone">girlfriend zone
Grand+Theft+Impairment">Grand Theft Impairment
gdi">gdi
G-Unit">G-Unit
greek">greek
Gate+Massage">Gate Massage
Guitarthritis">Guitarthritis
Glen+Coco">Glen Coco
gook">gook
ghost+taste">ghost taste
Golden+Shower">Golden Shower
Gary">Gary
Grammar+Nazi">Grammar Nazi
Grind">Grind
Grant">Grant
girl+next+door">girl next door
Gaylord">Gaylord
gintz">gintz
gimp">gimp
Guap">Guap
gravy+train">gravy train
Gangnam+Style">Gangnam Style
Going+ham">Going ham
Green+day">Green day
Gucci">Gucci
ghey">ghey
girl+crush">girl crush
grunge">grunge
gilf">gilf
get+real">get real
gash">gash
glass+bottom+boat">glass bottom boat
Gramma-phone">Gramma-phone
Gonzo">Gonzo
Gemini">Gemini
Guy+Code">Guy Code
goon">goon
Gianna">Gianna
gender+fluid">gender fluid
Georgia">Georgia
greg">greg
good+lookin%27+out">good lookin' out
george+carlin">george carlin
go+primitive">go primitive
GET+GET">GET GET
Gunzel">Gunzel
grill">grill
Gun">Gun
Guysmaids">Guysmaids
G.O.P.">G.O.P.
guidette">guidette
Git">Git
gun+control">gun control
greeting+orbit">greeting orbit
gank">gank
Graham">Graham
God+Damn+Motherfucking+Shitty+Fucking+Shit+Fuckers">God Damn Motherfucking Shitty Fucking Shit Fuckers
girlfriend+button">girlfriend button
Gloria">Gloria
green">green
gender+ninja">gender ninja
Gina">Gina

hipster">hipster
High+School">High School
hannah">hannah
ho">ho
horny">horny
homework">homework
Hiberdating">Hiberdating
HMU">HMU
hit+the+slide">hit the slide
half-your-age-plus-seven">half-your-age-plus-seven
Hangry">Hangry
hot+mess">hot mess
honkey">honkey
Halloween">Halloween
HOT">HOT
Hentai">Hentai
high">high
heteroflexible">heteroflexible
hoe">hoe
ha">ha
Hell">Hell
huylo">huylo
h.o.l.l.a.n.d">h.o.l.l.a.n.d
hella">hella
Hot+Topic">Hot Topic
HARFO">HARFO
homosexual">homosexual
hotness+hypnosis">hotness hypnosis
handjob">handjob
Hitler">Hitler
Harry+Styles">Harry Styles
hater">hater
holla">holla
Hand+me+up">Hand me up
Hype+Aversion">Hype Aversion
Hiking+in+Appalachia">Hiking in Appalachia
head">head
houdini">houdini
humblebrag">humblebrag
hillary+clinton">hillary clinton
homie">homie
heather">heather
hockey">hockey
Hannah+Montana">Hannah Montana
HYPHY">HYPHY
Herp+Derp">Herp Derp
hash">hash
hailey">hailey
haley">haley
hunter">hunter
Harry">Harry
high+ten">high ten
halo">halo
hummer">hummer
Hobosexual">Hobosexual
Hotep">Hotep
hopeless+romantic">hopeless romantic
hook+up">hook up
Hilary+Duff">Hilary Duff
hahaha">hahaha
hot+carl">hot carl
HBIC">HBIC
hollaback+girl">hollaback girl
Howei">Howei
hate">hate
hickey">hickey
hapa">hapa
holiday+pounds">holiday pounds
hump+day">hump day
Hood+Rat">Hood Rat
Hollywood+Undead">Hollywood Undead
High+Q">High Q
husband+chair">husband chair
Hoprah">Hoprah
herpes">herpes
Hayley">Hayley
hooking+up">hooking up
H8">H8
Home+Run">Home Run
Homer">Homer
ho+ho+ho">ho ho ho
hollister">hollister
Haters+Gonna+Hate">Haters Gonna Hate
Hadad">Hadad
harvard">harvard
hustler">hustler
hump">hump
House">House
homer+simpson">homer simpson
Heidi">Heidi
Happy+ending">Happy ending
Hippie">Hippie
hangover">hangover
ham">ham
hypebeast">hypebeast
hun">hun
humble+pie">humble pie
heroin">heroin
Holly">Holly
High+School+Musical">High School Musical
Hashtag">Hashtag
helen">helen
heck">heck
hobocore">hobocore
Hetalia">Hetalia
hick">hick
homo">homo
honky">honky
Hope">Hope
hypocrite">hypocrite
hammer+---%3B+%2C+hytham">hammer ---; , hytham
hello+list">hello list
hXc">hXc
Holiday+Beard">Holiday Beard
Halo+3+">Halo 3 
homophobia">homophobia
hello">hello
Hasselhoffing">Hasselhoffing
Hashtag+Abuse">Hashtag Abuse
hob-knocker">hob-knocker
Hanna">Hanna
hurrication">hurrication
hey">hey
Head+Splinter">Head Splinter
happy+trail">happy trail
Hi-Def">Hi-Def
Houston">Houston
hawt">hawt
Hector">Hector
Hip+Hop">Hip Hop
hymen">hymen
hard">hard
heartbroken">heartbroken
harassenger">harassenger
Hate+us+cause+they+anus">Hate us cause they anus
Human">Human
Hernandez">Hernandez
homo-hawk">homo-hawk
HFBoards">HFBoards
Heart-on">Heart-on

Imma+let+you+finish">Imma let you finish
internet">internet
Involuntary+%22You+Too%22">Involuntary "You Too"
It+is+what+it+is">It is what it is
internet+explorer">internet explorer
israel">israel
indoorsman">indoorsman
idgaf">idgaf
i%27m+just+sayin%27">i'm just sayin'
internest">internest
It%27s+complicated">It's complicated
iphone+effect">iphone effect
i%27m+going+to+sleep">i'm going to sleep
indie">indie
ian">ian
inbox+rot">inbox rot
It+was+in+the+news+feed">It was in the news feed
Illegal+scrolling">Illegal scrolling
intergrapes">intergrapes
Isabella">Isabella
Internet+Coma">Internet Coma
Illuminati">Illuminati
intexticated">intexticated
immaculate+congestion">immaculate congestion
iPad+Nano">iPad Nano
I%27m+Good">I'm Good
intaxication">intaxication
It%27s+a+Trap">It's a Trap
Incest">Incest
italian">italian
I+Love+You">I Love You
i+just+wanna+talk+to+him">i just wanna talk to him
Isaiah">Isaiah
Isabel">Isabel
IMO">IMO
iPhone">iPhone
itt">itt
intellectual+masturbation">intellectual masturbation
Iron+Maiden">Iron Maiden
Iceweasel">Iceweasel
I%27m+out+of+practice">I'm out of practice
iPod">iPod
ignoranus">ignoranus
ineption">ineption
ice+cube">ice cube
intercourse">intercourse
i">i
Ivan">Ivan
Isaac">Isaac
Instagram">Instagram
ish">ish
iirc">iirc
ily">ily
Irish+handcuffs">Irish handcuffs
I%27d+Hit+it">I'd Hit it
idk">idk
I+know%2C+right%3F">I know, right?
IB">IB
impactful">impactful
interesting">interesting
I%27d+shave+for+him">I'd shave for him
If+you+will">If you will
I%27m+not+gay+seat">I'm not gay seat
india">india
Illegal+Gymigrant">Illegal Gymigrant
inb4">inb4
IRS">IRS
ice+maker">ice maker
irie">irie
ignorance+is+bliss">ignorance is bliss
Isabelle">Isabelle
index+finger+discount">index finger discount
Iran">Iran
idiot">idiot
in+love">in love
Iraq">Iraq
illmatic">illmatic
izzy">izzy
Immaculate+Defecation">Immaculate Defecation
Indie+Kid">Indie Kid
Instagram+Prime+Time">Instagram Prime Time
insomnia">insomnia
immortal+technique">immortal technique
IMHO">IMHO
I+wouldn%27t+kick+her+out+of+bed+for+eating+crackers">I wouldn't kick her out of bed for eating crackers
Itzel">Itzel
itis">itis
I%27m+so+fucking+bored">I'm so fucking bored
i+see+what+you+did+there">i see what you did there
Irony">Irony
I-Peeper">I-Peeper
Inflight+Refueler">Inflight Refueler
iFinger">iFinger
Introvert">Introvert
I+pity+the+fool">I pity the fool
iFatigue">iFatigue
indian">indian
Introdouche">Introdouche
Irene">Irene
Invader+Zim">Invader Zim
ice">ice
ignorant">ignorant
Iced">Iced
iCarly">iCarly
imvu">imvu
innit">innit
it%27s+been+real">it's been real
infatuation">infatuation
I+take+my+leave">I take my leave
Insurance+Piss">Insurance Piss
imba">imba
iPerbole">iPerbole
immature">immature
IRL">IRL
irma">irma
iris">iris
ignant">ignant
i+put+on+my+wizard+hat">i put on my wizard hat
I%27m+Batman+syndrome">I'm Batman syndrome
ill">ill
Illinois">Illinois
irregardless">irregardless
ikr">ikr
Ianthe">Ianthe
insane+clown+posse">insane clown posse
Islam">Islam
Incubus">Incubus
insanity">insanity
Imani">Imani
it%27s">it's
iPad">iPad
iPhoney">iPhoney
Instagram+Friendly">Instagram Friendly
Inglish">Inglish
indo">indo
Itachi">Itachi
it">it
intelligent+design">intelligent design
I%27ll+pencil+you+in">I'll pencil you in
i%27d+tap+that">i'd tap that

Jesus">Jesus
Justin+Bieber">Justin Bieber
jesus+hitler+christ">jesus hitler christ
jizz">jizz
josh">josh
James">James
Jonathan">Jonathan
jfgi">jfgi
Justin">Justin
jacob">jacob
jennifer">jennifer
Jonas+Brothers">Jonas Brothers
jasmine">jasmine
jew">jew
Jesus+Jeans">Jesus Jeans
John">John
Joshua">Joshua
Jessica">Jessica
Jason">Jason
jake">jake
Julia">Julia
Jack">Jack
Jesus+II">Jesus II
just+sayin%27">just sayin'
Joseph">Joseph
Jordan">Jordan
Jamie+">Jamie 
Julie">Julie
joke+poach">joke poach
juggalo">juggalo
Jock">Jock
jailbait">jailbait
Joe">Joe
Jesse">Jesse
Jenna">Jenna
Jacqueline">Jacqueline
Joke+Insurance">Joke Insurance
jigaboo">jigaboo
Jeremy">Jeremy
Japan">Japan
Joe+Sixpack">Joe Sixpack
Jerk">Jerk
Jared">Jared
Jade">Jade
Joey">Joey
Joined+at+the+Dick">Joined at the Dick
Jose">Jose
jennifer+aniston">jennifer aniston
Jingle+Bowels">Jingle Bowels
Jack+Off">Jack Off
Jackintosh">Jackintosh
Julian">Julian
Juan">Juan
jaded">jaded
Jackson">Jackson
jawn">jawn
Jersey+Shore">Jersey Shore
just+saying">just saying
Justin+Beiber">Justin Beiber
jackass+of+all+trades">jackass of all trades
job+talker">job talker
joel">joel
Jeff">Jeff
Joy">Joy
jimi+hendrix">jimi hendrix
Johnson">Johnson
Jocelyn">Jocelyn
Jillian">Jillian
Johnny+Depp">Johnny Depp
JON">JON
Ja+Rule">Ja Rule
jill+off">jill off
joint">joint
Jackie">Jackie
jesus+piece">jesus piece
Jimmy">Jimmy
Jeffrey">Jeffrey
joanna">joanna
jacking+off">jacking off
Jack+Shit">Jack Shit
Jennifer+Lopez">Jennifer Lopez
Jessie">Jessie
Jodie">Jodie
Jazz">Jazz
Jada">Jada
Jabroni">Jabroni
jive+turkey">jive turkey
John+Lennon">John Lennon
janky">janky
JALOUSE">JALOUSE
jiggaboo">jiggaboo
jack+thompson">jack thompson
Jorge">Jorge
jess">jess
jungle+bunny">jungle bunny
Johnlock">Johnlock
Josie">Josie
jump+the+shark">jump the shark
john+mccain">john mccain
job">job
Jimmy+Page">Jimmy Page
Jihad">Jihad
juice">juice
Jimmy+Carter">Jimmy Carter
jk">jk
Jorts">Jorts
Joeled">Joeled
jejemon">jejemon
Jordyn">Jordyn
Jewbag">Jewbag
Joe-Fro">Joe-Fro
Julianna">Julianna
jasmin">jasmin
John+Cena">John Cena
Joanne">Joanne
Julian+Casablancas">Julian Casablancas
Javier">Javier
Joesuff">Joesuff
jay">jay
Joyce">Joyce
Johnny">Johnny
Jaime">Jaime
just+friends">just friends
JTM">JTM
Jay-Z">Jay-Z
Justine">Justine
juggersnot">juggersnot
jesse+jackson">jesse jackson
Jazmin">Jazmin
Jebus">Jebus
Jeek">Jeek
Jayden">Jayden
jackass">jackass
Joke">Joke
japanese">japanese
jelly">jelly
Janice">Janice
jerk+off">jerk off
jungle+fever">jungle fever
Jesus+Christ">Jesus Christ

kompla">kompla
katie">katie
kanye+west">kanye west
Keep+fucking+that+chicken">Keep fucking that chicken
kevin">kevin
KKK">KKK
knockout+game">knockout game
Karen">Karen
kinky">kinky
kimberly">kimberly
Kim+Kardashian">Kim Kardashian
Kyle">Kyle
Kelsey">Kelsey
Kayla">Kayla
Kobe+Special">Kobe Special
Kaitlyn">Kaitlyn
Kiss">Kiss
Kitchenheimer%27s">Kitchenheimer's
katherine">katherine
Killing+two+pigs+with+one+bird">Killing two pigs with one bird
kurt+cobain">kurt cobain
Kush">Kush
Kelly">Kelly
keedon">keedon
kylie">kylie
Krzyston">Krzyston
Karina">Karina
kthxbi">kthxbi
kike">kike
Krite">Krite
Kaylee">Kaylee
Kawaii">Kawaii
Katelyn">Katelyn
KFC">KFC
Krishna">Krishna
Kid+Cudi">Kid Cudi
Khloe+Kardashian">Khloe Kardashian
kristen">kristen
kind+of+a+big+deal">kind of a big deal
k">k
karla">karla
Kathryn">Kathryn
Kotaku">Kotaku
kickback">kickback
Kiara">Kiara
Katrina">Katrina
Kara">Kara
Kathleen">Kathleen
Kenneth">Kenneth
ku+klux+klan">ku klux klan
Kyla">Kyla
Korean">Korean
Kappa">Kappa
Kidcessory">Kidcessory
kim">kim
kk">kk
Killuminati">Killuminati
Ketchup+drool">Ketchup drool
kthxbye">kthxbye
Kari">Kari
kewl">kewl
Kat">Kat
kool+aid">kool aid
kristin">kristin
Kiki">Kiki
Kobe+Bryant">Kobe Bryant
kenny">kenny
katshit">katshit
kai">kai
kitten">kitten
Kennedy">Kennedy
Kirsten">Kirsten
kurtis">kurtis
kudos">kudos
karma">karma
Katy+Perry">Katy Perry
krista">krista
kidz+bop">kidz bop
Kathy">Kathy
korn">korn
keith">keith
kristina">kristina
Kendrick+Lamar">Kendrick Lamar
kardashian">kardashian
Karaoke+Filibuster">Karaoke Filibuster
kill">kill
Kittenality">Kittenality
kvlt">kvlt
kibbles+and+bits">kibbles and bits
Knifey-Spoony">Knifey-Spoony
Kayleigh">Kayleigh
Kodak+courage">Kodak courage
kaitlin">kaitlin
Kate">Kate
kpop">kpop
Keanu+Reeves">Keanu Reeves
Kira">Kira
kurwa">kurwa
Karl">Karl
Ke%24ha">Ke$ha
Kyra">Kyra
Kendra">Kendra
kek">kek
Kobe">Kobe
Knob">Knob
kim+jong+il">kim jong il
kneel">kneel
Kristine">Kristine
Kristy">Kristy
kendall">kendall
Kassandra">Kassandra
Keep+it+real">Keep it real
Kerry">Kerry
kick+rocks">kick rocks
kenzie">kenzie
Kordanize">Kordanize
kthxbai">kthxbai
Katy">Katy
Kasey">Kasey
kailey">kailey
Kitty">Kitty
Kaylie">Kaylie
K-Fed">K-Fed
KingKongor">KingKongor
Kootra">Kootra
Kushed+Out">Kushed Out
Kama+Scootra">Kama Scootra
Kindred+Spirits">Kindred Spirits
kryptonite">kryptonite
Kwanzaa">Kwanzaa
kekeke">kekeke
Keyboard+Warrior">Keyboard Warrior
Kim+Jong+Un">Kim Jong Un
Krystal">Krystal
Kiana">Kiana
kevin+federline">kevin federline
Kieran">Kieran
Kirby+Ass+Nigga">Kirby Ass Nigga
Kaniacs">Kaniacs
kicks">kicks

love">love
Lol">Lol
lauren">lauren
lil+wayne">lil wayne
lol+theory">lol theory
life">life
loser">loser
luke">luke
Life+Password">Life Password
Let+you+go">Let you go
linkjack">linkjack
literally">literally
Lily">Lily
lmao">lmao
l337">l337
Laura">Laura
loner">loner
lesbian">lesbian
liberal">liberal
lindsay+lohan">lindsay lohan
laundry+limbo">laundry limbo
Lana">Lana
last+texter">last texter
Last+Chance+Undies">Last Chance Undies
Luke+Hemmings">Luke Hemmings
Larry+Stylinson">Larry Stylinson
Leno+Giver">Leno Giver
lug">lug
Leah">Leah
love+tap">love tap
Land+it+in+the+Hudson">Land it in the Hudson
Libertarian">Libertarian
led+zeppelin">led zeppelin
Louis+Tomlinson">Louis Tomlinson
leslie">leslie
lawl">lawl
logan">logan
lesbian+sex">lesbian sex
laborhood">laborhood
LSD">LSD
lulz">lulz
lesbro">lesbro
linux">linux
lexi">lexi
Lady+Gaga">Lady Gaga
Liam">Liam
LGF">LGF
lucas">lucas
LMFAO">LMFAO
Lilly">Lilly
Leeroy">Leeroy
Labor+Day">Labor Day
Lucia">Lucia
LLAP">LLAP
Lion+King">Lion King
Los+Angeles">Los Angeles
Lust">Lust
Lionel+Migration">Lionel Migration
lego+hair">lego hair
Lymtudor">Lymtudor
lydia">lydia
Lindsay">Lindsay
little+buddy">little buddy
l33t">l33t
liptease">liptease
Ludwigvanquixote">Ludwigvanquixote
Lying+in+Wake">Lying in Wake
liz">liz
Loafhead">Loafhead
london">london
Linda">Linda
loneliness">loneliness
Lame">Lame
Lindsey">Lindsey
Link">Link
Layout+Bitching">Layout Bitching
Lit">Lit
Lebron+James">Lebron James
leanover">leanover
Legitimate+Rape">Legitimate Rape
lolita">lolita
Lori">Lori
Lost">Lost
louis">louis
LBH">LBH
Linkin+Park">Linkin Park
lara">lara
latino">latino
lacrosse">lacrosse
Luis">Luis
legit">legit
Lent+Trap">Lent Trap
LOLZ">LOLZ
lovesick">lovesick
lunch-blocking">lunch-blocking
Leave+Britney+Alone">Leave Britney Alone
Libtard">Libtard
Lana+Del+Rey">Lana Del Rey
low+key">low key
libercarelessian">libercarelessian
Leave+me+in+your+mother+%28azov+oti+be-ima+shkha%29">Leave me in your mother (azov oti be-ima shkha)
Levi">Levi
LQTM">LQTM
Lean">Lean
Lena">Lena
Lel">Lel
Like">Like
lemonparty">lemonparty
Lynn">Lynn
Liverpool+are+playing+at+home">Liverpool are playing at home
Larry+Major+at+WIPRO">Larry Major at WIPRO
L">L
Liam+Payne">Liam Payne
Ladyboner">Ladyboner
lush">lush
LOUISIANA">LOUISIANA
L.a.r.r.y+%E2%80%98Retarded+Chimp%E2%80%99+M.a.j.o.r">L.a.r.r.y ‘Retarded Chimp’ M.a.j.o.r
Leanne+">Leanne 
Louise">Louise
Lemon">Lemon
Left+Lane+Loser">Left Lane Loser
lonely">lonely
leo">leo
lipstick+lesbian">lipstick lesbian
Leila">Leila
Liana">Liana
lap+dance">lap dance
LimeWire">LimeWire
libra">libra
Lollercaust">Lollercaust
Leeroy+Jenkins">Leeroy Jenkins
lad">lad
Limecat">Limecat
lil+jon">lil jon
Lupe+Fiasco">Lupe Fiasco
Lexie">Lexie
lewis">lewis
loltard">loltard
lolicon">lolicon
Love+Handles">Love Handles

misandry">misandry
marijuana">marijuana
michael">michael
muslim">muslim
myspace">myspace
milf">milf
muffin+top">muffin top
Meh">Meh
Muddy+Helmet">Muddy Helmet
music">music
Masturdating">Masturdating
Matt">Matt
Maria">Maria
Miley+Cyrus">Miley Cyrus
MTV">MTV
Masturbation">Masturbation
maybe+later">maybe later
Melissa">Melissa
matthew">matthew
Madison">Madison
man+chair">man chair
man+cave">man cave
masturbate">masturbate
McDonalds">McDonalds
mondaze">mondaze
marriage">marriage
Microwave+minute">Microwave minute
mantrum">mantrum
Morgan">Morgan
michelle">michelle
murica">murica
my+phone%27s+about+to+die">my phone's about to die
mia">mia
metrosexual">metrosexual
mom">mom
manstration">manstration
Maris">Maris
marathoning">marathoning
Mackenzie">Mackenzie
mudkips">mudkips
MRA">MRA
masturwait">masturwait
Message+anxiety">Message anxiety
maggie">maggie
Mental+Masturbation">Mental Masturbation
metallica">metallica
Mike">Mike
Max">Max
mudshark">mudshark
microwave+mentality">microwave mentality
michael+jackson">michael jackson
mow+the+laundry">mow the laundry
mis-wave">mis-wave
manther">manther
Marissa">Marissa
mid-day+crisis">mid-day crisis
mary">mary
mouse+potato">mouse potato
middle+school">middle school
mind+over+bladder">mind over bladder
Midnight+Munchies">Midnight Munchies
Minecraft">Minecraft
milkshake">milkshake
My+Chemical+Romance">My Chemical Romance
masternap">masternap
morning+wood">morning wood
mofo">mofo
mistext">mistext
mattress+worship">mattress worship
mascary">mascary
me">me
mexican">mexican
meth">meth
moobs">moobs
martin">martin
mother+fucker">mother fucker
Manscape">Manscape
Marching+Band">Marching Band
Maintenance+Texts">Maintenance Texts
Miranda">Miranda
moon+cricket">moon cricket
motorboat">motorboat
Marine">Marine
Maddie">Maddie
math">math
March+14th">March 14th
Metal">Metal
masculinist">masculinist
mo%27">mo'
monica">monica
Moron">Moron
Moosh">Moosh
Melanie">Melanie
mandingo">mandingo
muff">muff
Mason">Mason
Mental+virginity">Mental virginity
Mall+Feet">Mall Feet
marijuana+minute">marijuana minute
metalhead">metalhead
Mutually+Assured+Distraction">Mutually Assured Distraction
Man+Stand">Man Stand
Marcus">Marcus
Maintenance+Fuck">Maintenance Fuck
marie">marie
makayla">makayla
microwait">microwait
mung">mung
Munchies">Munchies
Michael+Jordan">Michael Jordan
mexinigger">mexinigger
Mark">Mark
Mariah">Mariah
mfw">mfw
Motorboating">Motorboating
MUSE">MUSE
Michael+Clifford">Michael Clifford
make+out">make out
manbearpig">manbearpig
Megan+Fox">Megan Fox
meme">meme
Michigan">Michigan
Madeline">Madeline
male+tears">male tears
make+it+rain">make it rain
money">money
Maniston">Maniston
Maya">Maya
microsoft">microsoft
Michaela">Michaela
Monyen">Monyen
Maddy">Maddy
Muff+Cabbage">Muff Cabbage
minger">minger
mormon+first+base">mormon first base
mangina">mangina
money+hugger">money hugger
mormon">mormon
morning-skinny">morning-skinny
Minnesota">Minnesota

nigger">nigger
nigga">nigga
Nerd">Nerd
NextGenUpdate">NextGenUpdate
Noob">Noob
no+homo">no homo
Natalie">Natalie
no+offense">no offense
nicole">nicole
Niglet">Niglet
Nick">Nick
netflix+and+chill">netflix and chill
nice">nice
nom+nom+nom">nom nom nom
nympho">nympho
Neighbornet">Neighbornet
n00b">n00b
nonversation">nonversation
no+zuo+no+die">no zuo no die
Noah">Noah
New+Jersey">New Jersey
Nap+mouth">Nap mouth
no">no
nate">nate
nas">nas
Northwest+Nap">Northwest Nap
NSFW">NSFW
Netglow">Netglow
ninja">ninja
Nicholas+Cage+Syndrome">Nicholas Cage Syndrome
nirvana">nirvana
Niall+Horan">Niall Horan
Nathan">Nathan
Nearsighted+Date">Nearsighted Date
Nicholas">Nicholas
NAMBLA">NAMBLA
No+Lifer">No Lifer
Noted.">Noted.
No+hair+off+my+balls">No hair off my balls
Norwegian">Norwegian
New+York">New York
Nigga+Please">Nigga Please
Naomi">Naomi
Nick+Jonas">Nick Jonas
Natasha">Natasha
ninja+sex">ninja sex
NiggerFaggot">NiggerFaggot
New+Year%27s+Block">New Year's Block
nontroversy">nontroversy
nice+guy">nice guy
no-motion">no-motion
Name+Shame">Name Shame
New+York+City">New York City
Nickelodeon">Nickelodeon
niteflix">niteflix
nut+huggers">nut huggers
Next+level+bullshit">Next level bullshit
name+ambush">name ambush
nazi">nazi
NAACP">NAACP
New+Year%27s+Heaves">New Year's Heaves
Natalia">Natalia
Naruto">Naruto
nerdjacking">nerdjacking
nexterday">nexterday
nouveau+douche">nouveau douche
nizzle">nizzle
Nigger-shock">Nigger-shock
nigger+lover">nigger lover
nursing+a+semi">nursing a semi
niall">niall
nekkid">nekkid
nipples">nipples
Nickelback">Nickelback
nigglet">nigglet
Nintendo">Nintendo
neverendum">neverendum
Nihilism">Nihilism
north+korea">north korea
new+year%27s+eve">new year's eve
neckbeard">neckbeard
No+u">No u
Nig+nog">Nig nog
Nut">Nut
NSA">NSA
Nerdfighter">Nerdfighter
nerd-do-well">nerd-do-well
niggardly">niggardly
Nig">Nig
naff">naff
Norway">Norway
nancy">nancy
Newfag">Newfag
negro">negro
nymphomaniac">nymphomaniac
nerd-person">nerd-person
nigger+rich">nigger rich
neargasm">neargasm
niggers+in+the+pool">niggers in the pool
nina">nina
nomophobia">nomophobia
Nathaniel">Nathaniel
Nadia">Nadia
Namaste">Namaste
Neopets">Neopets
net+lag">net lag
nano+nap">nano nap
NWA">NWA
Noelle">Noelle
nookie">nookie
naggers">naggers
nigga+moment">nigga moment
Nadine">Nadine
narutard">narutard
nvm">nvm
NTR">NTR
Nutella">Nutella
nigger+free+zone+">nigger free zone 
nukka">nukka
Net+Forget">Net Forget
nillionaire">nillionaire
No+Shave+November">No Shave November
nightcore">nightcore
nub">nub
New+Brunswick">New Brunswick
Nintendo+Pilot">Nintendo Pilot
nyan+cat">nyan cat
Nigger+Baby">Nigger Baby
Naked+Brothers+Band">Naked Brothers Band
Nanu+Nanu">Nanu Nanu
nuke+the+fridge">nuke the fridge
Nancy+Pelosi">Nancy Pelosi
niggerabilia">niggerabilia
nicola">nicola
Nuts+to+Butts">Nuts to Butts
Nice+Guy+Syndrome">Nice Guy Syndrome
Netflix+Bipolar">Netflix Bipolar
NASCAR">NASCAR
nigger+fiction">nigger fiction
Nolan">Nolan

orgasm">orgasm
or+the+terrorists+have+won">or the terrorists have won
olivia">olivia
One+Direction">One Direction
one+upper">one upper
OG">OG
OTP">OTP
oral+sex">oral sex
op">op
orgy">orgy
one+cheek+bench+sneak">one cheek bench sneak
Omegle">Omegle
on+fleek">on fleek
ObamaCare">ObamaCare
office+quarterback">office quarterback
Obsessive+Computer+Disorder">Obsessive Computer Disorder
One+love">One love
Owned">Owned
Over+9000">Over 9000
oscar">oscar
one+reply+bitch">one reply bitch
Obama">Obama
OMGWTFBBQ">OMGWTFBBQ
off+the+box">off the box
otaku">otaku
opposite+marriage">opposite marriage
Obamanation">Obamanation
OOMF">OOMF
omg">omg
Owen+Tate">Owen Tate
office+hands">office hands
Ounce">Ounce
Oliver">Oliver
OFWGKTA">OFWGKTA
Octavio">Octavio
objectively+attractive">objectively attractive
Osama+Bin+Laden">Osama Bin Laden
one+night+stand">one night stand
Obdicut">Obdicut
OTL">OTL
oreo">oreo
OBAMANAZI">OBAMANAZI
O+rly">O rly
omar">omar
olly+olly+oxen+free">olly olly oxen free
Obamanomics">Obamanomics
Oregon">Oregon
OPP">OPP
oxymoron">oxymoron
owen">owen
oral">oral
Office+Hit+List">Office Hit List
outcast">outcast
Only+used+a+couple+times">Only used a couple times
oprah">oprah
ofc">ofc
onion+booty">onion booty
outside">outside
o+face">o face
otter">otter
old+soul">old soul
Overrated">Overrated
oxendine">oxendine
Obama+Baby">Obama Baby
Oppa">Oppa
on+blast">on blast
oscar+mike">oscar mike
Otherkin">Otherkin
Osama">Osama
open+relationship">open relationship
Oblivion">Oblivion
OJ+Simpson">OJ Simpson
omfg">omfg
o_O">o_O
ohio">ohio
o.o">o.o
oxycontin">oxycontin
office+ghost">office ghost
Opeth">Opeth
orange">orange
October+Surprise">October Surprise
oi">oi
oneitis">oneitis
oasis">oasis
oh+bother">oh bother
om+nom">om nom
orz">orz
Ocarina+of+Time">Ocarina of Time
Olympics+withdrawal">Olympics withdrawal
Obamafication">Obamafication
obese">obese
OCD">OCD
Oven+Mitt">Oven Mitt
OC">OC
One">One
obamania">obamania
omega+male">omega male
OA">OA
Operation+Chaos">Operation Chaos
OVA">OVA
Obama+Depression">Obama Depression
opprescedent">opprescedent
old+school">old school
oobladong">oobladong
obo">obo
OOTD">OOTD
one+time">one time
obesecheese">obesecheese
Old+Fashioned">Old Fashioned
oppressed+white+guy">oppressed white guy
ones+and+twos">ones and twos
oh+noes">oh noes
Obamacheck">Obamacheck
O-bedient">O-bedient
Orange+Blastaphon">Orange Blastaphon
O-bedience">O-bedience
oli+sykes">oli sykes
OH+SNAP">OH SNAP
OUTSTANDING">OUTSTANDING
OFWGKTADGAFLLBBLSBFBN">OFWGKTADGAFLLBBLSBFBN
ozzy+osbourne">ozzy osbourne
outkast">outkast
Obamunism">Obamunism
o%27weener">o'weener
OH+SHI-">OH SHI-
Obamabot">Obamabot
obaminate">obaminate
OD">OD
Osterized">Osterized
out+of+pocket">out of pocket
on9">on9
Onew+Condition">Onew Condition
oy+vey">oy vey
Octavious+Rex">Octavious Rex
One+Piece">One Piece
office+space">office space
on+the+rag">on the rag
Olsen+Twins">Olsen Twins
Oscar+Bait">Oscar Bait
orale">orale

Pussy">Pussy
Penis">Penis
porn">porn
pineapples">pineapples
Paris+Hilton">Paris Hilton
PMS">PMS
Procrasturbating">Procrasturbating
Porb">Porb
productive+procrastination">productive procrastination
pwn">pwn
punk">punk
poop">poop
pwned">pwned
procrastination">procrastination
Patrick">Patrick
postmodem+depression">postmodem depression
pillow+lust">pillow lust
Pi+Time">Pi Time
Passenger+Brake">Passenger Brake
price+point">price point
pradeep">pradeep
porn+storm">porn storm
prick">prick
Please+Advise">Please Advise
people+voice">people voice
Porm">Porm
party+hats">party hats
poser">poser
Paige">Paige
photobomb">photobomb
platonic+relationship">platonic relationship
porn+moment">porn moment
period">period
Pullin%27+a+Palin">Pullin' a Palin
parade+maker">parade maker
pimp">pimp
party">party
poo">poo
PETA">PETA
paul">paul
prefill">prefill
porch+monkey">porch monkey
poon">poon
PCP">PCP
pink+sock">pink sock
pisshap">pisshap
pirate+bath">pirate bath
Pornocchio">Pornocchio
professional+student">professional student
Perfectionist+Paralysis">Perfectionist Paralysis
Pink+Floyd">Pink Floyd
prostiboots">prostiboots
pearl+necklace">pearl necklace
player">player
Presponse">Presponse
prude">prude
Premature+exasperation">Premature exasperation
push+pen+anxiety">push pen anxiety
piss+in+the+wind">piss in the wind
pervert">pervert
pixel+counting">pixel counting
powerdisking">powerdisking
pop+a+squat">pop a squat
Pamela">Pamela
Protohype">Protohype
porn+mooch">porn mooch
parking+karma">parking karma
putting+lipstick+on+a+pig">putting lipstick on a pig
PHOBAR">PHOBAR
Post-Party+Depression">Post-Party Depression
pussy+whipped">pussy whipped
powerpuff+presentation">powerpuff presentation
police">police
Peter">Peter
Patriot+Act">Patriot Act
Police+Navidad">Police Navidad
Poland">Poland
poontang">poontang
preppy">preppy
psychic">psychic
pre-wasted">pre-wasted
package+stalking">package stalking
pissed+out">pissed out
Pokemon">Pokemon
post-acquaintance+friend+request">post-acquaintance friend request
Piss+Window">Piss Window
problem+saturation">problem saturation
Piglet+Flu">Piglet Flu
pretext">pretext
political+correctness">political correctness
passhole">passhole
pornfolio">pornfolio
pedophile">pedophile
priscilla">priscilla
prostitute">prostitute
phat">phat
pop+music">pop music
pothead">pothead
PDA">PDA
porno">porno
Pittsburgh+Left">Pittsburgh Left
pluto+booty">pluto booty
pig">pig
party+foul">party foul
penis+sympathy">penis sympathy
pikachu">pikachu
premake">premake
post-Potter+depression">post-Potter depression
pikey">pikey
pansexual">pansexual
perfect">perfect
psycho">psycho
parents">parents
Palin">Palin
pegging">pegging
pot">pot
prep">prep
pizza">pizza
purchase+pleasure">purchase pleasure
pregret">pregret
patricia">patricia
ProcrastinEating">ProcrastinEating
premature+evacuation">premature evacuation
philadelphia">philadelphia
poophole+loophole">poophole loophole
pac-manning">pac-manning
Police+Chase">Police Chase
Pooformance+Anxiety">Pooformance Anxiety
palm+treeing">palm treeing
pov">pov
photobombing">photobombing
prom">prom
Platonic+jealousy">Platonic jealousy
puta">puta
poo+pride">poo pride
persian">persian
panic%21+at+the+disco">panic! at the disco
precrestination">precrestination
Picentary">Picentary
pregnant">pregnant

qwertyuiopasdfghjklzxcvbnm">qwertyuiopasdfghjklzxcvbnm
Queef">Queef
question+fart">question fart
QQ">QQ
queer">queer
Queen">Queen
QFT">QFT
Q.E.D.">Q.E.D.
Quarter">Quarter
Quagmire">Quagmire
queef+greased">queef greased
Quim">Quim
qazwsxedcrfvtgbyhnujmikolp">qazwsxedcrfvtgbyhnujmikolp
Quebec">Quebec
quigley">quigley
Quinn">Quinn
quickie">quickie
quick+question">quick question
quirky">quirky
Q-cumbersome">Q-cumbersome
Quiz+Jizz">Quiz Jizz
qwop">qwop
qwertyuiop">qwertyuiop
qwertyuiopasdfghjklzxcvbnmmnbvcxzlkjhgfdsapoiuytrewqqazwsxedcrfvtgbyhnujmikolp">qwertyuiopasdfghjklzxcvbnmmnbvcxzlkjhgfdsapoiuytrewqqazwsxedcrfvtgbyhnujmikolp
Queens+of+the+Stone+Age">Queens of the Stone Age
quick+scope">quick scope
queenskank">queenskank
quadah">quadah
Quentin+Tarantino">Quentin Tarantino
Queen+Elizabeth">Queen Elizabeth
qu">qu
QT">QT
quiet+kid">quiet kid
queefing">queefing
quinnipiac+university">quinnipiac university
quid">quid
Qi+Vampire">Qi Vampire
Quentin">Quentin
QWERTY">QWERTY
quadfest">quadfest
Quief">Quief
Quotev">Quotev
Quiche">Quiche
quad">quad
Quinnipiac">Quinnipiac
Quizilla">Quizilla
qwertyuiopasdfghjklzxcvbnmmnbvcxzlkjhgfdsapoiuytrewq">qwertyuiopasdfghjklzxcvbnmmnbvcxzlkjhgfdsapoiuytrewq
qqqqq">qqqqq
quirkyalone">quirkyalone
QUABBING+A+TWAB">QUABBING A TWAB
qweef">qweef
quarter+life+crisis">quarter life crisis
quif">quif
quintin">quintin
Q">Q
Queen+Elizabeth+II">Queen Elizabeth II
Queer+Bait">Queer Bait
qwertyuiopasdfghjklzxcvbnmmnbvcxzlkjhgfdsapoiuytrewqqwertyuiopasdfghjklzxcvbnm">qwertyuiopasdfghjklzxcvbnmmnbvcxzlkjhgfdsapoiuytrewqqwertyuiopasdfghjklzxcvbnm
quack">quack
que+onda">que onda
Q-gasm">Q-gasm
QP">QP
queif">queif
Qi">Qi
quip">quip
queen+bee">queen bee
Queen+of+Spades">Queen of Spades
QTR">QTR
queff">queff
Queer+as+Folk">Queer as Folk
QuickTime">QuickTime
qwertyuioplkjhgfdsazxcvbnm">qwertyuioplkjhgfdsazxcvbnm
queaf">queaf
Quintessential">Quintessential
queening">queening
QFE">QFE
Q-tip">Q-tip
questionable+content">questionable content
que+lo+que">que lo que
quint">quint
quaffer">quaffer
Quiff">Quiff
Quim+Ninja">Quim Ninja
quid+pro+quo">quid pro quo
qualia">qualia
QUADRILLION">QUADRILLION
Quadroon">Quadroon
quantum+physics">quantum physics
quid+pro+quo-job">quid pro quo-job
que+sera+sera">que sera sera
Quexistence">Quexistence
Queef+Cordon+Bleu">Queef Cordon Bleu
quarter+water">quarter water
qwertyuiop%C3%A5asdfghjkl%C3%B6%C3%A4zxcvbnm">qwertyuiopåasdfghjklöäzxcvbnm
Quarterback">Quarterback
quark">quark
queave">queave
queensbridge">queensbridge
Queef+Nugget">Queef Nugget
quaalude">quaalude
que+pasa">que pasa
queue">queue
quirper">quirper
Quarter+Squats">Quarter Squats
quicky">quicky
qpwoeirutyalskdjfhgzmxncbv">qpwoeirutyalskdjfhgzmxncbv
Quinton">Quinton
Quinny">Quinny
quife">quife
quijibo">quijibo
Queensland">Queensland
quirky+best+friend">quirky best friend
queen%27s+university">queen's university
qanat">qanat
quap">quap
qualudes">qualudes
Quinn+Fabray">Quinn Fabray
Qatar">Qatar
QUILTBAG">QUILTBAG
que">que
quiznos">quiznos
QOTSA">QOTSA
Quafe">Quafe
Questionable+Fart">Questionable Fart
qazxswedcvfrtgbnhyujmkiolp">qazxswedcvfrtgbnhyujmkiolp
Quake">Quake
quitter">quitter
QT3.14">QT3.14
queer+baiting">queer baiting
QT+tan">QT tan
quad+laser">quad laser
quipster">quipster
queedlemorth">queedlemorth
Q-tipping">Q-tipping
quixotic">quixotic
qb">qb
QFMFT">QFMFT
Quest">Quest
QQ+more+noob">QQ more noob
Queefe">Queefe

Ratchet">Ratchet
Run+and+tell+that">Run and tell that
religion">religion
ryan">ryan
Rule+34">Rule 34
rescue+chip">rescue chip
rachel">rachel
republican">republican
Rebecca">Rebecca
redneck">redneck
rape">rape
Russian+Toilette">Russian Toilette
Rusty+Trombone">Rusty Trombone
racist">racist
runescape">runescape
Reader%27s+Block">Reader's Block
recrap">recrap
ricer">ricer
right-of-stay">right-of-stay
retard">retard
Redneck+Teleprompter">Redneck Teleprompter
retard+in+aluminum+foil">retard in aluminum foil
Rimjob">Rimjob
Rawr">Rawr
reddit">reddit
Rules+Of+The+Internet">Rules Of The Internet
remote+dance">remote dance
Restless+Lip+Syndrome">Restless Lip Syndrome
Ridin%27+Qwerty">Ridin' Qwerty
Rebound+Team">Rebound Team
Redneck+First+Class">Redneck First Class
roommate+chicken">roommate chicken
ROFL">ROFL
reality+challenged">reality challenged
Ron+Paul">Ron Paul
Regret+Ceiling">Regret Ceiling
rock">rock
relationship+test">relationship test
reindeer+gaming">reindeer gaming
rebooty">rebooty
Rendezbooze">Rendezbooze
rap">rap
Rosetta+Stoned">Rosetta Stoned
Recessionista">Recessionista
redhead">redhead
resolution+rush">resolution rush
RIAA">RIAA
rick+rolled">rick rolled
roflcopter">roflcopter
requestion">requestion
Rebecca+Black">Rebecca Black
running+latte">running latte
Richard">Richard
rick+roll+reflex">rick roll reflex
Rad">Rad
Revenge+is+a+dish+best+served+cold">Revenge is a dish best served cold
Rebound+Job">Rebound Job
rush+limbaugh">rush limbaugh
Right+of+Wave">Right of Wave
ride+or+die">ride or die
reem">reem
raptor+jesus">raptor jesus
Raving+to+Jesus">Raving to Jesus
Reiner">Reiner
racism">racism
Radiohead">Radiohead
Rothed">Rothed
Rachael">Rachael
relationship+material">relationship material
Robert">Robert
Redshirt">Redshirt
Ronald+Reagan">Ronald Reagan
Randy">Randy
Rage+Against+The+Machine">Rage Against The Machine
rickroll">rickroll
Ren%C3%A9e">Renée
relationship">relationship
Random">Random
resting+asshole+face">resting asshole face
Riley">Riley
rekt">rekt
Rick+Santorum">Rick Santorum
rugby">rugby
rimming">rimming
Ruby">Ruby
Rose">Rose
rocket+surgery">rocket surgery
rebel">rebel
rack">rack
rick+ross">rick ross
Ragism">Ragism
russian">russian
respect">respect
Ricky">Ricky
Rosie">Rosie
RTFM">RTFM
recessionitis">recessionitis
Ragist">Ragist
Registered+Text+Offender">Registered Text Offender
reverse+racism">reverse racism
Rush">Rush
rectumobile">rectumobile
Ramen">Ramen
ridin+dirty">ridin dirty
reverse+cowgirl">reverse cowgirl
road+bone">road bone
Red+Hot+Chili+Peppers">Red Hot Chili Peppers
Rammstein">Rammstein
rule+63">rule 63
rimpod">rimpod
Ronald+McDonald">Ronald McDonald
revengicide">revengicide
rosie+o%27donnell">rosie o'donnell
rage">rage
ROFLMAO">ROFLMAO
russia">russia
Rebekah">Rebekah
raw">raw
Red+Wings">Red Wings
rainbow+party">rainbow party
Rave">Rave
Raymond">Raymond
rut+ro">rut ro
rihanna">rihanna
Ron+Jeremy">Ron Jeremy
Rat+man">Rat man
Rita">Rita
resting+bitch+face">resting bitch face
RPG">RPG
roofie">roofie
ruth">ruth
Ruben">Ruben
raquel">raquel
rebound">rebound
robocall">robocall
riding">riding
Ronald+Wilson+Reagan">Ronald Wilson Reagan
reserection">reserection
Rise+Against">Rise Against
ricardo">ricardo

sex">sex
slut">slut
shit">shit
SWAG">SWAG
school">school
santorum">santorum
skeet">skeet
sexy">sexy
SOPA">SOPA
Sarah">Sarah
scene">scene
Samantha">Samantha
stfu">stfu
stephanie">stephanie
Spokompton">Spokompton
Seattle+University">Seattle University
Spot+Tease">Spot Tease
stealth+abs">stealth abs
stupid">stupid
scientology">scientology
sean">sean
South+Park">South Park
shitload">shitload
Soulja+Boy">Soulja Boy
sniff+test">sniff test
social+chameleon">social chameleon
Soap+grafting">Soap grafting
suicide">suicide
shit+just+got+real">shit just got real
Senpai">Senpai
stoner">stoner
Sex+Story">Sex Story
Superman">Superman
shart">shart
sideboob">sideboob
snarky">snarky
Sara">Sara
sloth-cloth">sloth-cloth
sapiosexual">sapiosexual
Soccer+mom">Soccer mom
smh">smh
Sidewalk+Salsa">Sidewalk Salsa
Social+Fruitfly">Social Fruitfly
Skank">Skank
Strategic+Dipping">Strategic Dipping
shocker">shocker
Stall+stall">Stall stall
Satan">Satan
Sydney">Sydney
sleep">sleep
Swooping">Swooping
Social+Notworking">Social Notworking
seat+gypsie">seat gypsie
Sam">Sam
screwvenir">screwvenir
slurring+your+text">slurring your text
Stealth-call">Stealth-call
salty">salty
Steak+and+Blowjob+Day">Steak and Blowjob Day
Slip+of+the+thumbs">Slip of the thumbs
Social+Terrorism">Social Terrorism
sporking">sporking
Selfie">Selfie
scrub">scrub
Stall+Waiting">Stall Waiting
Shatner+commas">Shatner commas
stoplight+party">stoplight party
sexercism">sexercism
Star+Wars">Star Wars
Smartphone+Shuffle">Smartphone Shuffle
soccer">soccer
Slow+Burn">Slow Burn
sympathy+seeker">sympathy seeker
slapperdoodle">slapperdoodle
sophie">sophie
shuffle+shame">shuffle shame
Second+Life">Second Life
sand+nigger">sand nigger
san+diego">san diego
soulmate">soulmate
shaved+my+balls+for+this">shaved my balls for this
Spooning">Spooning
Shut+up+and+keep+talking">Shut up and keep talking
Surfing+the+Desktop">Surfing the Desktop
ship">ship
savage">savage
Sarah+Palin">Sarah Palin
snake+juice">snake juice
Spiderman">Spiderman
Stoned">Stoned
Shannon">Shannon
solitaire+denial">solitaire denial
smarterchild">smarterchild
Some-sex+marriage">Some-sex marriage
spoiler+alert">spoiler alert
squirt">squirt
shyPod">shyPod
Snuffallahpagus">Snuffallahpagus
Stellato">Stellato
Steven">Steven
sup">sup
Straight+Edge">Straight Edge
store+d%27oeuvres">store d'oeuvres
spicey+edit">spicey edit
Sabrina">Sabrina
Selective+Fatigue+Syndrome">Selective Fatigue Syndrome
Sticker+Paralysis">Sticker Paralysis
sophia">sophia
Short+story+long">Short story long
shelf+esteem">shelf esteem
status+texting">status texting
sorry%2C+autocorrect">sorry, autocorrect
sexting">sexting
shawty">shawty
sofa+king">sofa king
snowpocalypse">snowpocalypse
slang">slang
shopped">shopped
shoe+whore">shoe whore
shoot+the+shit">shoot the shit
Senioritis">Senioritis
See+you+later+masturbator">See you later masturbator
Snoop+Dogg">Snoop Dogg
Shelby">Shelby
singletasker">singletasker
shorty">shorty
shrooms">shrooms
Sandra">Sandra
Status+Malfunction">Status Malfunction
Samuel">Samuel
sargasm">sargasm
SJW">SJW
sinlaws">sinlaws
snecret">snecret
sierra">sierra
Scott">Scott
swagger">swagger
sugar+daddy">sugar daddy
sodomy">sodomy
Strawberry+Shortcake">Strawberry Shortcake

Thot">Thot
That%27s+What+BP+Said">That's What BP Said
Tumblr">Tumblr
tits">tits
truffle+butter">truffle butter
Trap+Queen">Trap Queen
that%27s+crazy">that's crazy
tool">tool
text-killer">text-killer
Thotcrates">Thotcrates
troll">troll
This+guy+knows+what+I%27m+talking+about">This guy knows what I'm talking about
TWAT">TWAT
timothy">timothy
twilight">twilight
that%27s+what+she+said">that's what she said
tanorexia">tanorexia
Tramp+Stamp">Tramp Stamp
teabagging">teabagging
tyler">tyler
Tupac">Tupac
Taylor">Taylor
terrorist">terrorist
toothpaste+hangover">toothpaste hangover
the+cake+is+a+lie">the cake is a lie
tl%3Bdr">tl;dr
Thomas">Thomas
Thanksgiving">Thanksgiving
The+Squids+from+Chicago">The Squids from Chicago
that%27s+a+good+question">that's a good question
true+love">true love
Trailer+Fraud">Trailer Fraud
tim">tim
The+Fault+In+Our+Stars">The Fault In Our Stars
Textpectation">Textpectation
the+shit+out+of">the shit out of
third+base">third base
Textually+Frustrated">Textually Frustrated
Text+Purgatory">Text Purgatory
Toilet+Mummy">Toilet Mummy
Taco+Bell">Taco Bell
twink">twink
tongue+typo">tongue typo
time+vampire">time vampire
Trill">Trill
The+Beatles">The Beatles
the+game">the game
tiger%27s+wife+mad">tiger's wife mad
tara">tara
Twerk">Twerk
textrovert">textrovert
text-hole">text-hole
Textual+Satisfaction">Textual Satisfaction
testicular+fortitude">testicular fortitude
thick">thick
Toiletry">Toiletry
That%27s+how+I+roll">That's how I roll
TV+stoned">TV stoned
Tramp">Tramp
Trevor">Trevor
tired+high">tired high
taint">taint
Tiffany">Tiffany
Traffic+Tourette%27s">Traffic Tourette's
Thigh+Gap">Thigh Gap
titty+fuck">titty fuck
trick">trick
The+book+off">The book off
tbh">tbh
threesome">threesome
Trap">Trap
Texas">Texas
Tattoo+Remorse">Tattoo Remorse
Tony+Danza">Tony Danza
Thanksgiving+pants">Thanksgiving pants
Traffic+Tetris">Traffic Tetris
too+posh+to+push">too posh to push
Twitter">Twitter
Tooth+sweater">Tooth sweater
Thug+Life">Thug Life
trolling">trolling
thrift+whore">thrift whore
TTYN">TTYN
Thirsty">Thirsty
Traffuck">Traffuck
tigger">tigger
Thanksgiving+Beard">Thanksgiving Beard
teabagger">teabagger
Teenager">Teenager
trance">trance
This+is+actually+happening">This is actually happening
transpants">transpants
Teacher">Teacher
The+brown+touch">The brown touch
the">the
tom+cruise">tom cruise
teh">teh
tag+hag">tag hag
Thanksgivukkah">Thanksgivukkah
the+shit">the shit
teeny+bopper">teeny bopper
The+Simpsons">The Simpsons
trump">trump
teabag">teabag
Twitney+Spheres">Twitney Spheres
Tom">Tom
tease">tease
the+%22fuck%22+word">the "fuck" word
two+girls+one+cup">two girls one cup
Taylor+Swift">Taylor Swift
tolerance+juice">tolerance juice
Tight">Tight
tina">tina
tubgirl">tubgirl
TNB">TNB
Tori">Tori
titties">titties
trustno1">trustno1
Taylor+Gang">Taylor Gang
tivo+timezone">tivo timezone
trusticles">trusticles
Techno+Viking">Techno Viking
Tony">Tony
TMI">TMI
trippin">trippin
The+Spousal+We">The Spousal We
Tea+Party">Tea Party
Tristan">Tristan
Thingsgetting+Day">Thingsgetting Day
Turd">Turd
Theresa">Theresa
thisclose">thisclose
ttyl">ttyl
takesima">takesima
toronto">toronto
trickle+down+theory">trickle down theory
tip+of+my+thumb">tip of my thumb
Towel+Tango">Towel Tango
Take+a+wild+fucking+guess">Take a wild fucking guess
Tattoo">Tattoo

urban+dictionary">urban dictionary
Urban+Dictionary+Cover-Up">Urban Dictionary Cover-Up
umop+apisdn">umop apisdn
united+states">united states
uber">uber
Urban+farmer">Urban farmer
ugly">ugly
unsult">unsult
ugly+cry">ugly cry
underboob">underboob
uk2">uk2
USA">USA
Unbrella">Unbrella
Upper+Case+voice">Upper Case voice
upper+decker">upper decker
UrbanDictionary.com">UrbanDictionary.com
unlightening">unlightening
unf">unf
UDI">UDI
ufia">ufia
Urbaning">Urbaning
unrequited+love">unrequited love
unprotected+sleep">unprotected sleep
Urban+Cougar">Urban Cougar
Urkin">Urkin
United+States+of+America">United States of America
Utah">Utah
urban+thesaurus">urban thesaurus
urban">urban
ubuntu">ubuntu
University+of+Ramsbottom">University of Ramsbottom
u">u
Uncle+Jeff">Uncle Jeff
Uncle+Tom">Uncle Tom
university">university
uke">uke
Underwater+Jacking">Underwater Jacking
unfuckable">unfuckable
ucla">ucla
ud">ud
upskirt">upskirt
Unicorn">Unicorn
USMC">USMC
Unkeyboardinated">Unkeyboardinated
urbandictionary+editors">urbandictionary editors
Ugh">Ugh
underthink">underthink
urban+dick">urban dick
UCSB">UCSB
Undertaker">Undertaker
ulzzang">ulzzang
ust">ust
up4luck">up4luck
University+of+Michigan">University of Michigan
United+Arab+Emirates+A-Bomb">United Arab Emirates A-Bomb
ugly+duckling+syndrome">ugly duckling syndrome
Ubermas">Ubermas
ur+mom">ur mom
UNLV">UNLV
unmotivateable">unmotivateable
unforgivable">unforgivable
urban+outfitters">urban outfitters
urban+amish">urban amish
Underground">Underground
useless">useless
uggs">uggs
ugg+boots">ugg boots
unrequieted+love">unrequieted love
U+Wot+M8">U Wot M8
Uranus">Uranus
uncircumsized">uncircumsized
U2">U2
u+mad">u mad
Un+Brazo">Un Brazo
U+mad+bro%3F">U mad bro?
underrated">underrated
underoath">underoath
university+of+chicago">university of chicago
up+up+down+down+left+right+left+right+b+a+start">up up down down left right left right b a start
University+of+Miami">University of Miami
up+the+irons">up the irons
UFC">UFC
up+dog">up dog
uoeno">uoeno
UC+Berkeley">UC Berkeley
Union">Union
UberHaxorNova">UberHaxorNova
Under+301+club">Under 301 club
uncut">uncut
up+yours">up yours
ur">ur
USC">USC
united+nations">united nations
unofficial">unofficial
Umpa-Lumpa">Umpa-Lumpa
Ultraforge">Ultraforge
uguu">uguu
uncyclopedia">uncyclopedia
urgemeter">urgemeter
uncle+fucker">uncle fucker
Uber+Micro">Uber Micro
Urban+Dicktionary">Urban Dicktionary
unconditional+love">unconditional love
usher">usher
Update+Day">Update Day
upper+deck">upper deck
user">user
up+the+spout">up the spout
unbenounced">unbenounced
UCSD">UCSD
UAF">UAF
Unix+beard">Unix beard
USUK">USUK
Unaffordable+Care+Act">Unaffordable Care Act
unsub">unsub
useless+nigger">useless nigger
University+of+Virginia">University of Virginia
unrequited">unrequited
university+of+florida">university of florida
Useful+idiot">Useful idiot
unique">unique
undefined">undefined
UGK">UGK
uncle+hank">uncle hank
United+States+of+Canada">United States of Canada
US">US
university+of+delaware">university of delaware
Unce">Unce
UChicago">UChicago
ussr">ussr
uriel">uriel
Unagi">Unagi
Upvote">Upvote
unic">unic
unleash+the+Tiger">unleash the Tiger
uh+ah+grunt+maceo">uh ah grunt maceo
Urbadejudice">Urbadejudice
uptard">uptard
Unlock+Reality">Unlock Reality
uPhone">uPhone

vagina">vagina
Vatican+Roulette">Vatican Roulette
vuvuzela">vuvuzela
Vaguebooking">Vaguebooking
virgin">virgin
Victoria">Victoria
vegetarian">vegetarian
vignesh">vignesh
vanessa">vanessa
Verbal+Handcuffs">Verbal Handcuffs
vacation+amnesia">vacation amnesia
Virgin+Ears">Virgin Ears
Vegan">Vegan
valentine%27s+day">valentine's day
Vardges">Vardges
Vodka+Mourge">Vodka Mourge
VOCD">VOCD
Vampire">Vampire
vote+smurfing">vote smurfing
virginity">virginity
vote">vote
v+card+stamped">v card stamped
vodka">vodka
Valerie">Valerie
Vivian">Vivian
Vaginal+Vampire">Vaginal Vampire
Vajayjay">Vajayjay
veronica">veronica
vincent">vincent
Vine">Vine
Vibrator">Vibrator
video+games">video games
Virtual+Friday">Virtual Friday
violent+agreement">violent agreement
Veritas+Aequitas">Veritas Aequitas
Vaggle">Vaggle
Valeria">Valeria
Victor">Victor
VagVamp">VagVamp
vato">vato
Vancouver">Vancouver
Vulture+Capitalist">Vulture Capitalist
vanilla">vanilla
Virgo">Virgo
voluntold">voluntold
Vixen">Vixen
voluntease">voluntease
vajazzling">vajazzling
Vampire+ass">Vampire ass
ville+valo">ville valo
volleyball">volleyball
VIP">VIP
vag">vag
Viagra">Viagra
V%26">V&amp;
Virginia">Virginia
voicejail">voicejail
Vanilla+Ice">Vanilla Ice
V+card">V card
Village+Idiot">Village Idiot
valley+girl">valley girl
Vietnam">Vietnam
vote+for+pedro">vote for pedro
Vic+Fuentes">Vic Fuentes
VagHag">VagHag
victoria%27s+secret">victoria's secret
Vietnamese">Vietnamese
Vevo">Vevo
vulva">vulva
Vans">Vans
vig">vig
vore">vore
Vegeta">Vegeta
Vijayaratnam">Vijayaratnam
voodoo+economics">voodoo economics
vicky">vicky
vyvanse">vyvanse
vegicide">vegicide
Vatication">Vatication
Vicodin">Vicodin
Vibe">Vibe
vagitarian">vagitarian
vinegar+strokes">vinegar strokes
Vermont">Vermont
Vijay+Pillai">Vijay Pillai
Voldemort">Voldemort
voat">voat
vegi-curious">vegi-curious
vijayaratnam-foundation">vijayaratnam-foundation
vtec">vtec
vraka">vraka
violin">violin
Vegemite">Vegemite
Van+Halen">Van Halen
Vanilla+Rice">Vanilla Rice
vh1">vh1
vsauce">vsauce
Vida+Guerra">Vida Guerra
Vanderbilt">Vanderbilt
Voulez-vous+coucher+avec+moi+ce+soir">Voulez-vous coucher avec moi ce soir
viking">viking
vd">vd
Volunteer%27s+remorse">Volunteer's remorse
verklempt">verklempt
valentine">valentine
Viviana">Viviana
Verizon">Verizon
vinny">vinny
Vaper">Vaper
V">V
varun">varun
Vanessa+Hudgens">Vanessa Hudgens
vagoo">vagoo
vaffanculo">vaffanculo
Viola">Viola
virginia+tech">virginia tech
vitamin+pee">vitamin pee
Vagenda">Vagenda
VISTASTER">VISTASTER
valium">valium
virgin-slut">virgin-slut
Volvo">Volvo
Vape">Vape
Viacom">Viacom
voting+virginity">voting virginity
Velindre">Velindre
Vas+happening">Vas happening
velcro+heads">velcro heads
vomit">vomit
Vin+Diesel">Vin Diesel
Vale+Tudo">Vale Tudo
Voicemail+voice">Voicemail voice
verga">verga
vamping">vamping
Vicki">Vicki
vanilla+face">vanilla face
violence">violence
v+for+vendetta">v for vendetta
vgl">vgl
Victimidation">Victimidation

woody">woody
weed">weed
white+people">white people
white+trash">white trash
whore">whore
Wait%2C+shit">Wait, shit
wigger">wigger
whatever">whatever
Weeaboo">Weeaboo
Weiner+Cousins">Weiner Cousins
world+of+warcraft">world of warcraft
William">William
Women">Women
WAP">WAP
World+War+II">World War II
WTF">WTF
wanker">wanker
whipped">whipped
working+hard+or+hardly+working">working hard or hardly working
wikipedia">wikipedia
Work+Mouth">Work Mouth
weenis">weenis
Walmart">Walmart
when+the+economy+picks+up">when the economy picks up
wallflower">wallflower
wank">wank
Wiper+Beat">Wiper Beat
Wapanese">Wapanese
Word">Word
Whack+it+Off">Whack it Off
wet">wet
w00t">w00t
work+paralysis">work paralysis
Word+up%2C+kids%3F">Word up, kids?
Webtrovert">Webtrovert
wifey">wifey
workout+impostor">workout impostor
Whip">Whip
Wingman">Wingman
wow">wow
WWJT">WWJT
white+dick">white dick
will">will
wallet+threat">wallet threat
wanksta">wanksta
Womanizer">Womanizer
woot">woot
Wonderwall">Wonderwall
white+privilege">white privilege
Wood">Wood
Windows">Windows
wet+dream">wet dream
Water+Temple">Water Temple
white+boy">white boy
wake+and+bake">wake and bake
weaboo">weaboo
white+girl">white girl
Westboro+Baptist+Church">Westboro Baptist Church
work+hot">work hot
WindUpBird">WindUpBird
wisconsin">wisconsin
wumbo">wumbo
Wicked">Wicked
White">White
wife">wife
war">war
What%27s+the+damage%3F">What's the damage?
watch+this">watch this
wat">wat
webshite">webshite
whitney">whitney
Web+Glow">Web Glow
What+the+actual+fuck%3F">What the actual fuck?
Wendy">Wendy
whatever+lifts+your+luggage">whatever lifts your luggage
walk+of+shame">walk of shame
Water">Water
wasp">wasp
we+need+to+talk">we need to talk
wife+beater">wife beater
whiskey+dick">whiskey dick
wo">wo
what%27s+up">what's up
Writer%27s+crap">Writer's crap
Woe">Woe
womyn">womyn
Wang">Wang
Wyatt">Wyatt
white+guilt">white guilt
Wetback">Wetback
Whale+Tail">Whale Tail
wrestling">wrestling
Wide+Stance">Wide Stance
wikidemia">wikidemia
wii">wii
Wenis">Wenis
weezer">weezer
work+avalanche">work avalanche
White+Knight">White Knight
Wigga">Wigga
watermelon">watermelon
white+pride">white pride
Walmartized">Walmartized
warpig">warpig
wop">wop
Waifu">Waifu
Wannabe">Wannabe
Wombmate">Wombmate
Wong">Wong
Wanky">Wanky
weave">weave
work">work
wet+pussy">wet pussy
Word+Vomit">Word Vomit
wasted">wasted
white+power">white power
wololo">wololo
what">what
wal-rus">wal-rus
Whovian">Whovian
Windows+ME">Windows ME
Wasteman">Wasteman
word+receptacle">word receptacle
Walks+both+sides+of+the+street">Walks both sides of the street
wesley">wesley
Winstice">Winstice
WFIO">WFIO
weezy">weezy
Wisest+Wizard">Wisest Wizard
White+Girl+Wasted">White Girl Wasted
Wikipedian+Loop">Wikipedian Loop
what+happened+next">what happened next
WalMart+Tax">WalMart Tax
Wu+Tang+Clan">Wu Tang Clan
watersports">watersports
Work+Sandwich">Work Sandwich
Weiner">Weiner
Wii+elbow">Wii elbow
What+is+this+i+don%27t+even">What is this i don't even
waffle+crapper">waffle crapper

XD">XD
xbox+360">xbox 360
X-rayted">X-rayted
xoxo">xoxo
xxx">xxx
Xavier">Xavier
xkcd">xkcd
Xnxx">Xnxx
x">x
xbox+live">xbox live
xanax">xanax
XBox">XBox
XO">XO
xx">xx
xanga">xanga
Xanaps">Xanaps
X-ring">X-ring
xbxx">xbxx
xzibit">xzibit
xbone">xbone
Xenu">Xenu
xander">xander
Xtube">Xtube
xbox+fanboy">xbox fanboy
Xbox+One">Xbox One
Xiomara">Xiomara
xc">xc
Xbot">Xbot
x-files">x-files
ximena">ximena
xox">xox
x_X">x_X
XIV">XIV
Xero">Xero
xochitl">xochitl
xvx">xvx
X%27s+and+O%27s">X's and O's
xmas">xmas
XOXOHTH">XOXOHTH
xyz">xyz
xshare">xshare
xCalizorz">xCalizorz
XXL">XXL
xtc">xtc
X-Men">X-Men
xena">xena
xuan">xuan
xanax+bar">xanax bar
xjokerz">xjokerz
XP">XP
Xenophobia">Xenophobia
xtina">xtina
XXXX">XXXX
Xbox+360+vs+PS3">Xbox 360 vs PS3
Xenomorph">Xenomorph
Xiumin">Xiumin
Xenia">Xenia
X+-+Factor">X - Factor
Xenia+Zaragevna+Onatopp">Xenia Zaragevna Onatopp
xoxoxo">xoxoxo
X-Bomb">X-Bomb
Xango+Juice">Xango Juice
X-Japan">X-Japan
X-Raided">X-Raided
X+gonna+give+it+to+ya">X gonna give it to ya
xcore">xcore
xellie">xellie
XFD">XFD
Xenia+Onatopp">Xenia Onatopp
xfire">xfire
xenosaga">xenosaga
Xx%28word%29xX">Xx(word)xX
xu">xu
XV">XV
Xenophobe">Xenophobe
xilf">xilf
Xemobile">Xemobile
X+to+the+Z">X to the Z
x3">x3
xKore">xKore
Xbox+360+Fanboy">Xbox 360 Fanboy
xan">xan
xerxes">xerxes
xyzpdq">xyzpdq
x%29">x)
XLed">XLed
Xanxus">Xanxus
Xyep">Xyep
xenogears">xenogears
X-pac+heat">X-pac heat
Xenocide">Xenocide
Xenthia+Rising+Productions">Xenthia Rising Productions
Xavi">Xavi
Xanthe">Xanthe
X-Phile">X-Phile
XSoVulcanBlader">XSoVulcanBlader
x+play">x play
XF">XF
Xandir">Xandir
xie">xie
Xbox+420">Xbox 420
Xavier+University">Xavier University
Xel%27Naga">Xel'Naga
Xian">Xian
Xanadu">Xanadu
Xemnas">Xemnas
XBL">XBL
xvideos">xvideos
Xiahou+Dun">Xiahou Dun
xzavier">xzavier
Xbox+Live+Dick">Xbox Live Dick
x1">x1
xenophile">xenophile
X0G">X0G
Xjawz">Xjawz
xade">xade
Xbox+Live+Sex">Xbox Live Sex
XviD">XviD
Xtrykr">Xtrykr
xoxota">xoxota
XYZZY">XYZZY
xylophone">xylophone
XxxHolic">XxxHolic
Xbox+Customer+Support">Xbox Customer Support
Xiao">Xiao
X+Y+is+X">X Y is X
Xitlaly">Xitlaly
xenochrist">xenochrist
Xitlalli">Xitlalli
xanies">xanies
xoxoxoxo">xoxoxoxo
XJ9">XJ9
xpeeps">xpeeps
XML">XML
Xenophiliobia">Xenophiliobia
Xiong">Xiong
xbox+360+elite">xbox 360 elite
xylobone">xylobone
Xterra">Xterra
Xfinity">Xfinity

Yolo">Yolo
your+other+left">your other left
You+lie%21">You lie!
YouTube+Loop">YouTube Loop
yiff">yiff
youtube+moment">youtube moment
Youtube+Attention+Span">Youtube Attention Span
You%27re+Probably+Right">You're Probably Right
You">You
Yaoi">Yaoi
your+mom">your mom
YouTube">YouTube
yeet">yeet
you+can+you+up">you can you up
You+Done+Fucked+Up">You Done Fucked Up
yardsale">yardsale
youtuber">youtuber
yuppie">yuppie
you+wastin+my+minutes">you wastin my minutes
yellular">yellular
yo">yo
years">years
Y%C3%89YO">YÉYO
Yuna+Kim">Yuna Kim
You+look+tired">You look tired
yellow+fever">yellow fever
yayo">yayo
YouTube+Comments">YouTube Comments
Yoink">Yoink
You%27re+aces+with+me">You're aces with me
Yay">Yay
yard+sailing">yard sailing
You+don%27t+pour+my+cereal">You don't pour my cereal
yehet">yehet
Yesenia">Yesenia
YOLOSWAG">YOLOSWAG
yucky">yucky
yarr%21">yarr!
yippie+ki-yay">yippie ki-yay
Yasmin">Yasmin
yeah">yeah
your+face">your face
yellow+listed">yellow listed
YMCMB">YMCMB
you+already+know">you already know
ytmnd">ytmnd
Yolanda">Yolanda
your">your
yoda">yoda
youtube+poop">youtube poop
Yahoo+answers">Yahoo answers
Y%C3%89YO+TEQUILA">YÉYO TEQUILA
youniverse">youniverse
yandere">yandere
you+got+to+be+fist+fucking+me">you got to be fist fucking me
You+Reap+What+You+Sow">You Reap What You Sow
yankees">yankees
yak">yak
YDI">YDI
yofam">yofam
y%27all">y'all
yeezy">yeezy
ymmv">ymmv
yay+area">yay area
yes">yes
Yoga+Pants">Yoga Pants
yo+momma">yo momma
you+must+be+fun+at+parties">you must be fun at parties
you%27re">you're
YVETTE">YVETTE
yola">yola
Yuri">Yuri
you+got+no+jams">you got no jams
Yu">Yu
your+mum">your mum
You+forgot+Poland">You forgot Poland
Yakuza">Yakuza
YAAB">YAAB
yard+ape">yard ape
YVONNE">YVONNE
Yank">Yank
Yellow">Yellow
Youtube+degree">Youtube degree
Yauze">Yauze
Yoshi">Yoshi
yee">yee
yellow+bone">yellow bone
your+mom+goes+to+college">your mom goes to college
yawn+pong">yawn pong
Your+first+name">Your first name
you+had+me+at+hello">you had me at hello
yummifullz">yummifullz
yob">yob
YAM">YAM
yasmine">yasmine
Your+City">Your City
Yippee+ki-yay%2C+motherfucker%21">Yippee ki-yay, motherfucker!
york">york
yo+mama">yo mama
ya">ya
yadadamean">yadadamean
yasmeen">yasmeen
you+can%27t+have+your+cake+and+eat+it+too">you can't have your cake and eat it too
ya+mum">ya mum
young+jeezy">young jeezy
yuppy">yuppy
young+money">young money
Yorkshire">Yorkshire
YDG">YDG
Y2k">Y2k
your+gay">your gay
youngstown">youngstown
Yao+Ming">Yao Ming
ya+dig">ya dig
you+mad+bro%3F">you mad bro?
yosh">yosh
Yippee+ki-yay">Yippee ki-yay
Yard+bomb">Yard bomb
yoked">yoked
you+fit+the+description">you fit the description
Yunho">Yunho
yo+nigger+">yo nigger 
Yo+Dawg">Yo Dawg
You%27re+killing+me%2C+Smalls">You're killing me, Smalls
yead">yead
YunJae">YunJae
young+buck">young buck
Yenta">Yenta
ya+rly">ya rly
you+dun+goofed">you dun goofed
Young">Young
yaritza">yaritza
Your+Mother">Your Mother
yale">yale
Ye">Ye
You+go+Glenn+Coco%21">You go Glenn Coco!
Yash">Yash
YouPorn">YouPorn
yugoslavia">yugoslavia
Yaz">Yaz

zomg">zomg
Zoe">Zoe
zelda">zelda
Zombie+Company">Zombie Company
Zach">Zach
Zayn+Malik">Zayn Malik
Zachary">Zachary
Zardari">Zardari
Zyzz">Zyzz
zombie+jesus">zombie jesus
zack">zack
Zombie">Zombie
Zionist">Zionist
Zooted">Zooted
zipperhead">zipperhead
zip">zip
Zorgasm">Zorgasm
Zac">Zac
zing">zing
Zionism">Zionism
Zara">Zara
ZJ">ZJ
zak">zak
zomboni">zomboni
Zoe+Pound">Zoe Pound
zoey">zoey
Zane">Zane
Zayn">Zayn
zaya">zaya
zidane">zidane
zen">zen
zombie+ad">zombie ad
zomvirus">zomvirus
zombieking">zombieking
Zapien">Zapien
Zutara">Zutara
zerg">zerg
zahra">zahra
ze">ze
zombocom">zombocom
Zorpia">Zorpia
Zombie+Crush">Zombie Crush
Zack+Morris+phone">Zack Morris phone
Zanbato">Zanbato
Zig">Zig
Zoot">Zoot
zeitgeist">zeitgeist
Zalgo">Zalgo
Zacky+Vengeance">Zacky Vengeance
zac+efron">zac efron
Zoey+101">Zoey 101
Zombie+Jesus+Day">Zombie Jesus Day
zainab">zainab
zyxwvutsrqponmlkjihgfedcba">zyxwvutsrqponmlkjihgfedcba
Ziggler">Ziggler
z4">z4
zezima">zezima
zsa+zsa+zsu">zsa zsa zsu
zig+zag">zig zag
zzz">zzz
zerg+rush">zerg rush
za">za
z">z
Zoidberg">Zoidberg
Z-Ro">Z-Ro
zone">zone
Zoned">Zoned
zeriara">zeriara
zit">zit
Zeke">Zeke
zog+machine">zog machine
zip+your+soup-cooler">zip your soup-cooler
ZOG">ZOG
Z+Job">Z Job
zootch">zootch
zion">zion
Zuko">Zuko
zain">zain
zebra">zebra
zxcvbnmasdfghjklqwertyuiop">zxcvbnmasdfghjklqwertyuiop
Zinedine+Zidane">Zinedine Zidane
zack+merrick">zack merrick
Zamrotti">Zamrotti
zug-zug">zug-zug
zingy">zingy
Zero">Zero
Ziam">Ziam
zaria">zaria
zequyx">zequyx
Zea">Zea
zaftig">zaftig
zim">zim
Zazz">Zazz
Zynga">Zynga
zippo">zippo
zooey+deschanel">zooey deschanel
zoned+out">zoned out
zipless+fuck">zipless fuck
zone+typing">zone typing
zune">zune
zamboni">zamboni
zakk+wylde">zakk wylde
zOMFG">zOMFG
ZZ+Top">ZZ Top
zoolander">zoolander
Zef">Zef
zombite">zombite
zofits">zofits
zetta">zetta
ZooMass">ZooMass
Zoroastrianism">Zoroastrianism
z0mg">z0mg
zonk">zonk
zip+it+up+and+zip+it+out">zip it up and zip it out
zamos">zamos
zhuangbility">zhuangbility
Zachariah">Zachariah
zig-a-zig-ah">zig-a-zig-ah
Zeus">Zeus
Zack+de+la+Rocha">Zack de la Rocha
Zeta+Phi+Beta">Zeta Phi Beta
Zebu">Zebu
Zong">Zong
z3">z3
zyrtec">zyrtec
zippocat">zippocat
zorra">zorra
Zander">Zander
zoso">zoso
zeg">zeg
Zed">Zed
zubrug">zubrug
zoinks">zoinks
zucker">zucker
Zombie+Boot+Camp">Zombie Boot Camp
z%C2%A0">z&nbsp;
Zoie">Zoie
zumiez">zumiez
Zeta+Tau+Alpha">Zeta Tau Alpha
zappa">zappa
